Test,Label Added to exe file name,,,,,,,,,,
&H2EE5D9,Sing,1410,2600.5,Net Weight (lbs),Chassis,pta-0-5,3,,,,
&H2EE5D5,Sing,1610,2800,Gross Weight (lbs),Chassis,pta-0-5,4,,,,
&H3149D,Sing,0.225,0.225,???,Chassis,pta-5&1,5,,,,
&H3197D,Sing,0.225,0.225,???,Chassis,pta-2,5,,,,
&H31E5D,Sing,0.225,0.225,???,Chassis,pta-3,5,,,,
&H32338,Sing,0.225,0.225,???,Chassis,pta-4,5,,,,
&H32818,Sing,0.225,0.225,???,Chassis,pta-0,5,,,,
&H314A7,Sing,1.273,1.273,???,Chassis,pta-5&1,6,,,,
&H31987,Sing,1.273,1.273,???,Chassis,pta-2,6,,,,
&H31E67,Sing,1.273,1.273,???,Chassis,pta-3,6,,,,
&H32357,Sing,1.273,1.273,???,Chassis,pta-4,6,,,,
&H32837,Sing,1.273,1.273,???,Chassis,pta-0,6,,,,
&H314B7,Sing,1.387,1.387,???,Chassis,pta-5&1,7,,,,
&H31997,Sing,1.387,1.387,???,Chassis,pta-2,7,,,,
&H31E77,Sing,1.387,1.387,???,Chassis,pta-3,7,,,,
&H32361,Sing,1.387,1.387,???,Chassis,pta-4,7,,,,
&H32841,Sing,1.387,1.387,???,Chassis,pta-0,7,,,,
&H314C1,Sing,0,0,??? Front Weight (kg),Chassis,pta-5&1,8,,,,
&H319A1,Sing,0,0,??? Front Weight (kg),Chassis,pta-2,8,,,,
&H31E81,Sing,0,0,??? Front Weight (kg),Chassis,pta-3,8,,,,
&H3236B,Sing,0,0,??? Front Weight (kg),Chassis,pta-4,8,,,,
&H3284B,Sing,0,0,??? Front Weight (kg),Chassis,pta-0,8,,,,
&H314CB,Sing,50,50,??? Rear Weight (kg),Chassis,pta-5&1,9,,,,
&H319AB,Sing,50,50,??? Rear Weight (kg),Chassis,pta-2,9,,,,
&H31E8B,Sing,50,50,??? Rear Weight (kg),Chassis,pta-3,9,,,,
&H3237B,Sing,50,50,??? Rear Weight (kg),Chassis,pta-4,9,,,,
&H3285B,Sing,50,50,??? Rear Weight (kg),Chassis,pta-0,9,,,,
&H2EE581,Sing,18.5,22,Fuel - cup/gns Frontal Area,Chassis,all-0-5,10,cup-0-5,41,gns-0-5,41
&H314D5,Sing,0.1,0.1,???,Chassis,pta-5&1,11,,,,
&H319B5,Sing,0.1,0.1,???,Chassis,pta-2,11,,,,
&H31E95,Sing,0.1,0.1,???,Chassis,pta-3,11,,,,
&H32385,Sing,0.1,0.1,???,Chassis,pta-4,11,,,,
&H32865,Sing,0.1,0.1,???,Chassis,pta-0,11,,,,
&H314E5,Sing,-1.6,-1.6,??? Fuel Tank Location,Chassis,pta-5&1,12,,,,
&H319C5,Sing,-1.6,-1.6,??? Fuel Tank Location,Chassis,pta-2,12,,,,
&H31EA5,Sing,-1.6,-1.6,??? Fuel Tank Location,Chassis,pta-3,12,,,,
&H3238F,Sing,-1.6,-1.6,??? Fuel Tank Location,Chassis,pta-4,12,,,,
&H3286F,Sing,-1.6,-1.6,??? Fuel Tank Location,Chassis,pta-0,12,,,,
&H314EF,Sing,0,0,???,Chassis,pta-5&1,13,,,,
&H319CF,Sing,0,0,???,Chassis,pta-2,13,,,,
&H31EAF,Sing,0,0,???,Chassis,pta-3,13,,,,
&H32399,Sing,0,0,???,Chassis,pta-4,13,,,,
&H32879,Sing,0,0,???,Chassis,pta-0,13,,,,
&H314F9,Sing,-0.05,-0.05,???,Chassis,pta-5&1,14,,,,
&H319D9,Sing,-0.05,-0.05,???,Chassis,pta-2,14,,,,
&H31EB9,Sing,-0.05,-0.05,???,Chassis,pta-3,14,,,,
&H323A3,Sing,-0.05,-0.05,???,Chassis,pta-4,14,,,,
&H32883,Sing,-0.05,-0.05,???,Chassis,pta-0,14,,,,
&H2EE5D1,Sing,117.5,98,Wheelbase (in),Chassis,pta-0-5,15,42,,,
&H2EE5CD,Sing,75,64,F Track (in),Chassis,pta-0-5,16,,,,
&H2EE5C9,Sing,76,63,R Track (in),Chassis,pta-0-5,17,,,,
&H31503,Sing,5,5,???,Chassis,pta-5&1,18,,,,
&H319E3,Sing,5,5,???,Chassis,pta-2,18,,,,
&H31EC3,Sing,5,5,???,Chassis,pta-3,18,,,,
&H323AD,Sing,5,5,???,Chassis,pta-4,18,,,,
&H3288D,Sing,5,5,???,Chassis,pta-0,18,,,,
&H3150D,Sing,0.5225,0.525,??? Weight Balance (%),Chassis,pta-5&1,19,,,,
&H319ED,Sing,0.5225,0.525,??? Weight Balance (%),Chassis,pta-2,19,,,,
&H31ECD,Sing,0.5225,0.525,??? Weight Balance (%),Chassis,pta-3,19,,,,
&H323C9,Sing,0.5225,0.525,??? Weight Balance (%),Chassis,pta-4,19,,,,
&H328A9,Sing,0.5225,0.525,??? Weight Balance (%),Chassis,pta-0,19,,,,
&H3148E,Long,18,18,"Wheels (LF, RF, LR, RR)",Chassis,pta-5&1,20,22,,,
&H3196E,Long,20,20,"Wheels (LF, RF, LR, RR)",Chassis,pta-2,20,22,,,
&H31E4E,Long,22,22,"Wheels (LF, RF, LR, RR)",Chassis,pta-3,20,22,,,
&H3232E,Long,24,24,"Wheels (LF, RF, LR, RR)",Chassis,pta-4,20,21,,,
&H3280E,Long,16,16,"Wheels (LF, RF, LR, RR)",Chassis,pta-0,20,21,,,
&H31493,Long,19,19,"Wheels (LF, RF, LR, RR)",Chassis,pta-5&1,21,23,,,
&H31973,Long,21,21,"Wheels (LF, RF, LR, RR)",Chassis,pta-2,21,23,,,
&H31E53,Long,23,23,"Wheels (LF, RF, LR, RR)",Chassis,pta-3,21,23,,,
&H3234D,Long,25,25,"Wheels (LF, RF, LR, RR)",Chassis,pta-4,22,23,,,
&H3282D,Long,17,17,"Wheels (LF, RF, LR, RR)",Chassis,pta-0,22,23,,,
&H2EA631,Sing,16.5,16,??? Suspension (in),Chassis,pta-0-5,24,??? Rim Width (in),Wheel,"17, 25",Field03
&H2EE5C5,Sing,15.75,15,??? Ride Height - Suspension (in),Chassis,pta-0-5,25,26,,,
&H2EA50D,Sing,0.25,0.25,??? (in),Chassis,pta-0&4,27,,,,
&H2ED741,Sing,-2,-2,???,Chassis,pta-0-5,28,,,,
&H3153F,Sing,0.4,0.4,???,Chassis,pta-5&1,29,,,,
&H31A1F,Sing,0.4,0.4,???,Chassis,pta-2,29,,,,
&H31EFF,Sing,0.4,0.4,???,Chassis,pta-3,29,,,,
&H323DD,Sing,0.4,0.4,???,Chassis,pta-4,29,,,,
&H328BD,Sing,0.4,0.4,???,Chassis,pta-0,29,,,,
&H31549,Sing,0.4,0.4,???,Chassis,pta-5&1,30,,,,
&H31A29,Sing,0.5,0.5,???,Chassis,pta-2,30,,,,
&H31F09,Sing,0.35,0.35,???,Chassis,pta-3,30,,,,
&H323E7,Sing,0.35,0.35,???,Chassis,pta-4,30,,,,
&H328C7,Sing,0.35,0.35,???,Chassis,pta-0,30,,,,
&H2EA629,Sing,8,8,??? (in),Chassis,all-0-5,31,Rim Radius? (In),Wheel,16-25,Field02
&H2EE569,Sing,-0.51,-0.51,??? (in),Chassis,all-5&1,32,33,,,
&H2EE58D,Sing,-0.45,-0.45,??? (in),Chassis,all-2,32,33,,,
&H2EE595,Sing,-0.72,-0.72,??? (in),Chassis,all-3,32,33,,,
&H2EE59D,Sing,-0.92,-0.92,??? (in),Chassis,all-4,32,33,,,
&H2EE5A1,Sing,-0.8,-0.8,??? (in),Chassis,all-0,32,33,,,
&H31553,Sing,0,0,???,Chassis,pta-5&1,34,,,,
&H31A33,Sing,0,0,???,Chassis,pta-2,34,,,,
&H31F13,Sing,0,0,???,Chassis,pta-3,34,,,,
&H323F1,Sing,0,0,???,Chassis,pta-4,34,,,,
&H328D1,Sing,0,0,???,Chassis,pta-0,34,,,,
&H3156F,Sing,0,0,???,Chassis,pta-5&1,35,,,,
&H31A4F,Sing,0,0,???,Chassis,pta-2,35,,,,
&H31F2F,Sing,0,0,???,Chassis,pta-3,35,,,,
&H3240D,Sing,0,0,???,Chassis,pta-4,35,,,,
&H328ED,Sing,0,0,???,Chassis,pta-0,35,,,,
&H31579,Sing,0,0,???,Chassis,pta-5&1,36,,,,
&H31A59,Sing,0,0,???,Chassis,pta-2,36,,,,
&H31F39,Sing,0,0,???,Chassis,pta-3,36,,,,
&H32417,Sing,0,0,???,Chassis,pta-4,36,,,,
&H328F7,Sing,0,0,???,Chassis,pta-0,36,,,,
&H2EA515,Sing,5,5,??? (in),Chassis,all - 0-5,37,,,,
&H31583,Sing,14000,14000,???,Chassis,pta-5&1,38,,,,
&H31A63,Sing,16000,16000,???,Chassis,pta-2,38,,,,
&H31F43,Sing,11000,11000,???,Chassis,pta-3,38,,,,
&H32421,Sing,11000,11000,???,Chassis,pta-4,38,,,,
&H32901,Sing,8000,8000,???,Chassis,pta-0,38,,,,
&H3158D,Sing,1,1,???,Chassis,pta-5&1,39,,,,
&H31A6D,Sing,1,1,???,Chassis,pta-2,39,,,,
&H31F4D,Sing,1,1,???,Chassis,pta-3,39,,,,
&H3242B,Sing,1,1,???,Chassis,pta-4,39,,,,
&H3290B,Sing,1,1,???,Chassis,pta-0,39,,,,
&H3159D,Long,1,1,???,Chassis,pta-5&1,40,,,,
&H31A7D,Long,1,1,???,Chassis,pta-2,40,,,,
&H31F5D,Long,1,1,???,Chassis,pta-3,40,,,,
&H3243B,Long,1,1,???,Chassis,pta-4,40,,,,
&H3291B,Long,1,1,???,Chassis,pta-0,40,,,,
&H2ECFC9,Sing,18,20,??? Frontal Area (sq ft),Chassis,pta-0-5,41,,,,
&H315A7,Sing,0.3,0.5115,??? Drag,Chassis,pta-5&1,43,,,,
&H31A87,Sing,0.3,0.54,??? Drag,Chassis,pta-2,43,,,,
&H31F67,Sing,0.3,0.56,??? Drag,Chassis,pta-3,43,,,,
&H32445,Sing,0.3,0.56,??? Drag,Chassis,pta-4,43,,,,
&H32925,Sing,0.3,0.81,??? Drag,Chassis,pta-0,43,,,,
&H315B1,Sing,-0.6,-0.21,??? Downforce,Chassis,pta-5&1,44,,,,
&H31A91,Sing,-0.6,-0.23,??? Downforce,Chassis,pta-2,44,,,,
&H31F71,Sing,-0.6,-0.25,??? Downforce,Chassis,pta-3,44,,,,
&H3244F,Sing,-0.6,-0.25,??? Downforce,Chassis,pta-4,44,,,,
&H3292F,Sing,-0.6,-0.24,??? Downforce,Chassis,pta-0,44,,,,
&H315BB,Sing,0.02,0.02,???,Chassis,pta-5&1,45,,,,
&H31A9B,Sing,0.02,0.02,???,Chassis,pta-2,45,,,,
&H31F7B,Sing,0.02,0.02,???,Chassis,pta-3,45,,,,
&H32459,Sing,0.02,0.02,???,Chassis,pta-4,45,,,,
&H32939,Sing,0.004,0.004,???,Chassis,pta-0,45,,,,
&H2EE565,Sing,-0.003,-0.003,???,Chassis,all-5&1,46,,,,
&H31B96,Sing,0,0,???,Chassis,pta-2,46,,,,
&H32076,Sing,0,0,???,Chassis,pta-3,46,,,,
&H32554,Sing,0,0,???,Chassis,pta-4,46,,,,
&H32A34,Sing,0,0,???,Chassis,pta-0,46,,,,
&H316B6,Sing,0.03,0.03,Front Wing Drag,Chassis,pta-5&1,47,,,,
&H31BA0,Sing,0.03,0.03,Front Wing Drag,Chassis,pta-2,47,,,,
&H32080,Sing,0.03,0.03,Front Wing Drag,Chassis,pta-3,47,,,,
&H3255E,Sing,0.03,0.03,Front Wing Drag,Chassis,pta-4,47,,,,
&H32A3E,Sing,0.03,0.03,Front Wing Drag,Chassis,pta-0,47,,,,
&H316C0,Sing,-0.48,-0.05,??? Front DownForce,Chassis,pta-5&1,48,,,,
&H31BAA,Sing,-0.48,-0.06,??? Front DownForce,Chassis,pta-2,48,,,,
&H3208A,Sing,-0.5,-0.06,??? Front DownForce,Chassis,pta-3,48,,,,
&H32568,Sing,-0.48,-0.06,??? Front DownForce,Chassis,pta-4,48,,,,
&H32A48,Sing,-0.48,-0.06,??? Front DownForce,Chassis,pta-0,48,,,,
&H316CA,Sing,0.025,0.025,??? Front Wing Size,Chassis,pta-5&1,49,,,,
&H31BB4,Sing,0.025,0.025,??? Front Wing Size,Chassis,pta-2,49,,,,
&H32094,Sing,0.025,0.025,??? Front Wing Size,Chassis,pta-3,49,,,,
&H32572,Sing,0.025,0.025,??? Front Wing Size,Chassis,pta-4,49,,,,
&H32A52,Sing,0.025,0.025,??? Front Wing Size,Chassis,pta-0,49,,,,
&H316D4,Sing,-0.0015,-0.0015,Rear Wing Drag,Chassis,pta-5&1,50,,,,
&H31BBE,Sing,-0.0015,-0.0015,Rear Wing Drag,Chassis,pta-2,50,,,,
&H3209E,Sing,-0.0015,-0.0015,Rear Wing Drag,Chassis,pta-3,50,,,,
&H3257C,Sing,-0.0015,-0.0015,Rear Wing Drag,Chassis,pta-4,50,,,,
&H32A5C,Sing,-0.0015,-0.0015,Rear Wing Drag,Chassis,pta-0,50,,,,
&H316DE,Sing,-0.005,-0.005,??? Downforce,Chassis,pta-5&1,51,,,,
&H31BCE,Sing,-0.005,-0.005,??? Downforce,Chassis,pta-2,51,,,,
&H320AE,Sing,-0.005,-0.005,??? Downforce,Chassis,pta-3,51,,,,
&H3258C,Sing,-0.005,-0.005,??? Downforce,Chassis,pta-4,51,,,,
&H32A6C,Sing,-0.00325,-0.005,??? Downforce,Chassis,pta-0,51,,,,
&H316FA,Sing,-0.002,-0.00275,??? Rear Downforce,Chassis,pta-5&1,52,,,,
&H31BD8,Sing,-0.002,-0.00275,??? Rear Downforce,Chassis,pta-2,52,,,,
&H320B8,Sing,-0.002,-0.00275,??? Rear Downforce,Chassis,pta-3,52,,,,
&H32596,Sing,-0.002,-0.00275,??? Rear Downforce,Chassis,pta-4,52,,,,
&H32A76,Sing,-0.002,-0.00275,??? Rear Downforce,Chassis,pta-0,52,,,,
&H31704,Sing,0.9,0.9,???,Chassis,pta-5&1,53,,,,
&H31BE2,Sing,0.9,0.9,???,Chassis,pta-2,53,,,,
&H320C2,Sing,0.9,0.9,???,Chassis,pta-3,53,,,,
&H325A0,Sing,0.9,0.9,???,Chassis,pta-4,53,,,,
&H32A80,Sing,0.9,0.9,???,Chassis,pta-0,53,,,,
&H3170E,Sing,0.9,0.9,???,Chassis,pta-5&1,54,,,,
&H31BEC,Sing,0.9,0.9,???,Chassis,pta-2,54,,,,
&H320CC,Sing,0.9,0.9,???,Chassis,pta-3,54,,,,
&H325AA,Sing,0.9,0.9,???,Chassis,pta-4,54,,,,
&H32A8A,Sing,0.9,0.9,???,Chassis,pta-0,54,,,,
&H31718,Sing,0.07666666,0.07666666,???,Chassis,pta-5&1,55,,,,
&H31BF6,Sing,0.08333333,0.08333333,???,Chassis,pta-2,55,,,,
&H320D6,Sing,0.09333333,0.09333333,???,Chassis,pta-3,55,,,,
&H325B4,Sing,0.09333333,0.09333333,???,Chassis,pta-4,55,,,,
&H32A94,Sing,0.09333333,0.09333333,???,Chassis,pta-0,55,,,,
&H31722,Sing,-0.036,-0.036,???,Chassis,pta-5&1,56,,,,
&H31C00,Sing,-0.044,-0.044,???,Chassis,pta-2,56,,,,
&H320E0,Sing,-0.056,-0.056,???,Chassis,pta-3,56,,,,
&H325BE,Sing,-0.056,-0.056,???,Chassis,pta-4,56,,,,
&H32A9E,Sing,-0.044,-0.044,???,Chassis,pta-0,56,,,,
&H3172C,Sing,0.05,0.05,???,Chassis,pta-5&1,57,,,,
&H31C0A,Sing,0.055,0.055,???,Chassis,pta-2,57,,,,
&H320EA,Sing,0.07,0.07,???,Chassis,pta-3,57,,,,
&H325C8,Sing,0.07,0.07,???,Chassis,pta-4,57,,,,
&H32AA8,Sing,0.055,0.055,???,Chassis,pta-0,57,,,,
&H3173C,Sing,0.1,0.1,???,Chassis,pta-5&1,58,,,,
&H31C14,Sing,0.1,0.1,???,Chassis,pta-2,58,,,,
&H320F4,Sing,0.1,0.1,???,Chassis,pta-3,58,,,,
&H325D2,Sing,0.1,0.1,???,Chassis,pta-4,58,,,,
&H32AB2,Sing,0.1,0.1,???,Chassis,pta-0,58,,,,
&H31746,Sing,0.075,0.075,???,Chassis,pta-5&1,59,,,,
&H31C1E,Sing,0.075,0.075,???,Chassis,pta-2,59,,,,
&H320FE,Sing,0.075,0.075,???,Chassis,pta-3,59,,,,
&H325DC,Sing,0.075,0.075,???,Chassis,pta-4,59,,,,
&H32ABC,Sing,0.075,0.075,???,Chassis,pta-0,59,,,,
&H31827,Sing,0,0,???,Chassis,pta-5&1,83,,,,
&H31CFF,Sing,0,0,???,Chassis,pta-2,83,,,,
&H321DF,Sing,0,0,???,Chassis,pta-3,83,,,,
&H326BD,Sing,0,0,???,Chassis,pta-4,83,,,,
&H32B9D,Sing,0,0,???,Chassis,pta-0,83,,,,
&H31831,Sing,10000,10000,???,Chassis,pta-5&1,84,,,,
&H31D09,Sing,10000,10000,???,Chassis,pta-2,84,,,,
&H321E9,Sing,10000,10000,???,Chassis,pta-3,84,,,,
&H326C7,Sing,10000,10000,???,Chassis,pta-4,84,,,,
&H32BA7,Sing,10000,10000,???,Chassis,pta-0,84,,,,
&H3183B,Sing,-116,-116,???,Chassis,pta-5&1,85,,,,
&H31D13,Sing,-116,-116,???,Chassis,pta-2,85,,,,
&H321F3,Sing,-116,-116,???,Chassis,pta-3,85,,,,
&H326D1,Sing,-116,-116,???,Chassis,pta-4,85,,,,
&H32BB1,Sing,-116,-116,???,Chassis,pta-0,85,,,,
&H31845,Sing,141,141,???,Chassis,pta-5&1,86,,,,
&H31D1D,Sing,141,141,???,Chassis,pta-2,86,,,,
&H321FD,Sing,141,141,???,Chassis,pta-3,86,,,,
&H326DB,Sing,141,141,???,Chassis,pta-4,86,,,,
&H32BBB,Sing,141,141,???,Chassis,pta-0,86,,,,
&H3184F,Sing,0,0,???,Chassis,pta-5&1,87,,,,
&H31D27,Sing,0,0,???,Chassis,pta-2,87,,,,
&H32207,Sing,0,0,???,Chassis,pta-3,87,,,,
&H326E5,Sing,0,0,???,Chassis,pta-4,87,,,,
&H32BC5,Sing,0,0,???,Chassis,pta-0,87,,,,
&H31859,Sing,10000,10000,???,Chassis,pta-5&1,88,,,,
&H31D31,Sing,10000,10000,???,Chassis,pta-2,88,,,,
&H32211,Sing,10000,10000,???,Chassis,pta-3,88,,,,
&H326EF,Sing,10000,10000,???,Chassis,pta-4,88,,,,
&H32BCF,Sing,10000,10000,???,Chassis,pta-0,88,,,,
&H31863,Sing,-116,-116,???,Chassis,pta-5&1,89,,,,
&H31D3B,Sing,-116,-116,???,Chassis,pta-2,89,,,,
&H3221B,Sing,-116,-116,???,Chassis,pta-3,89,,,,
&H326F9,Sing,-116,-116,???,Chassis,pta-4,89,,,,
&H32BD9,Sing,-116,-116,???,Chassis,pta-0,89,,,,
&H3186D,Sing,141,141,???,Chassis,pta-5&1,90,,,,
&H31D45,Sing,141,141,???,Chassis,pta-2,90,,,,
&H32225,Sing,141,141,???,Chassis,pta-3,90,,,,
&H32703,Sing,141,141,???,Chassis,pta-4,90,,,,
&H32BE3,Sing,141,141,???,Chassis,pta-0,90,,,,
&H31877,Sing,0,0,???,Chassis,pta-5&1,91,,,,
&H31D4F,Sing,0,0,???,Chassis,pta-2,91,,,,
&H3222F,Sing,0,0,???,Chassis,pta-3,91,,,,
&H3270D,Sing,0,0,???,Chassis,pta-4,91,,,,
&H32BED,Sing,0,0,???,Chassis,pta-0,91,,,,
&H31881,Sing,1.08,1.08,???,Chassis,pta-5&1,92,,,,
&H31D59,Sing,1.08,1.08,???,Chassis,pta-2,92,,,,
&H32239,Sing,1.08,1.08,???,Chassis,pta-3,92,,,,
&H32717,Sing,1.08,1.08,???,Chassis,pta-4,92,,,,
&H32BF7,Sing,1.08,1.08,???,Chassis,pta-0,92,,,,
&H3188B,Sing,-40,-40,???,Chassis,pta-5&1,93,,,,
&H31D63,Sing,-40,-40,???,Chassis,pta-2,93,,,,
&H32243,Sing,-40,-40,???,Chassis,pta-3,93,,,,
&H32721,Sing,-40,-40,???,Chassis,pta-4,93,,,,
&H32C01,Sing,-40,-40,???,Chassis,pta-0,93,,,,
&H31895,Sing,220,220,???,Chassis,pta-5&1,94,,,,
&H31D6D,Sing,220,220,???,Chassis,pta-2,94,,,,
&H3224D,Sing,220,220,???,Chassis,pta-3,94,,,,
&H3272B,Sing,220,220,???,Chassis,pta-4,94,,,,
&H32C0B,Sing,220,220,???,Chassis,pta-0,94,,,,
&H3189F,Sing,60,60,???,Chassis,pta-5&1,95,,,,
&H31D77,Sing,60,60,???,Chassis,pta-2,95,,,,
&H32257,Sing,60,60,???,Chassis,pta-3,95,,,,
&H32735,Sing,60,60,???,Chassis,pta-4,95,,,,
&H32C15,Sing,60,60,???,Chassis,pta-0,95,,,,
&H318A9,Sing,127,127,???,Chassis,pta-5&1,96,,,,
&H31D81,Sing,127,127,???,Chassis,pta-2,96,,,,
&H32261,Sing,127,127,???,Chassis,pta-3,96,,,,
&H3273F,Sing,127,127,???,Chassis,pta-4,96,,,,
&H32C1F,Sing,127,127,???,Chassis,pta-0,96,,,,
&H318B3,Sing,-40,-40,???,Chassis,pta-5&1,97,,,,
&H31D8B,Sing,-40,-40,???,Chassis,pta-2,97,,,,
&H3226B,Sing,-40,-40,???,Chassis,pta-3,97,,,,
&H32749,Sing,-40,-40,???,Chassis,pta-4,97,,,,
&H32C29,Sing,-40,-40,???,Chassis,pta-0,97,,,,
&H318BD,Sing,220,220,???,Chassis,pta-5&1,98,,,,
&H31D95,Sing,220,220,???,Chassis,pta-2,98,,,,
&H32275,Sing,220,220,???,Chassis,pta-3,98,,,,
&H32753,Sing,220,220,???,Chassis,pta-4,98,,,,
&H32C33,Sing,220,220,???,Chassis,pta-0,98,,,,
&H318C7,Sing,60,60,???,Chassis,pta-5&1,99,,,,
&H31D9F,Sing,60,60,???,Chassis,pta-2,99,,,,
&H3227F,Sing,60,60,???,Chassis,pta-3,99,,,,
&H3275D,Sing,60,60,???,Chassis,pta-4,99,,,,
&H32C3D,Sing,60,60,???,Chassis,pta-0,99,,,,
&H318D1,Sing,127,127,???,Chassis,pta-5&1,100,,,,
&H31DA9,Sing,127,127,???,Chassis,pta-2,100,,,,
&H32289,Sing,127,127,???,Chassis,pta-3,100,,,,
&H32767,Sing,127,127,???,Chassis,pta-4,100,,,,
&H32C47,Sing,127,127,???,Chassis,pta-0,100,,,,
&H318DB,Sing,-40,-40,???,Chassis,pta-5&1,101,,,,
&H31DB3,Sing,-40,-40,???,Chassis,pta-2,101,,,,
&H32293,Sing,-40,-40,???,Chassis,pta-3,101,,,,
&H32771,Sing,-40,-40,???,Chassis,pta-4,101,,,,
&H32C51,Sing,-40,-40,???,Chassis,pta-0,101,,,,
&H318E5,Sing,220,220,???,Chassis,pta-5&1,102,,,,
&H31DBD,Sing,220,220,???,Chassis,pta-2,102,,,,
&H3229D,Sing,220,220,???,Chassis,pta-3,102,,,,
&H3277B,Sing,220,220,???,Chassis,pta-4,102,,,,
&H32C5B,Sing,220,220,???,Chassis,pta-0,102,,,,
&H318EF,Sing,0.5,0.5,???,Chassis,pta-5&1,103,,,,
&H31DC7,Sing,0.5,0.5,???,Chassis,pta-2,103,,,,
&H322A7,Sing,0.5,0.5,???,Chassis,pta-3,103,,,,
&H32785,Sing,0.5,0.5,???,Chassis,pta-4,103,,,,
&H32C65,Sing,0.5,0.5,???,Chassis,pta-0,103,,,,
&H318F9,Sing,6.5,6.5,???,Chassis,pta-5&1,104,,,,
&H31DD1,Sing,6.5,6.5,???,Chassis,pta-2,104,,,,
&H322B1,Sing,6.5,6.5,???,Chassis,pta-3,104,,,,
&H3278F,Sing,6.5,6.5,???,Chassis,pta-4,104,,,,
&H32C6F,Sing,6.5,6.5,???,Chassis,pta-0,104,,,,
&H31903,Sing,-40,-40,???,Chassis,pta-5&1,105,,,,
&H31DDB,Sing,-40,-40,???,Chassis,pta-2,105,,,,
&H322BB,Sing,-40,-40,???,Chassis,pta-3,105,,,,
&H32799,Sing,-40,-40,???,Chassis,pta-4,105,,,,
&H32C79,Sing,-40,-40,???,Chassis,pta-0,105,,,,
&H3190D,Sing,220,220,???,Chassis,pta-5&1,106,,,,
&H31DE5,Sing,220,220,???,Chassis,pta-2,106,,,,
&H322C5,Sing,220,220,???,Chassis,pta-3,106,,,,
&H327A3,Sing,220,220,???,Chassis,pta-4,106,,,,
&H32C83,Sing,220,220,???,Chassis,pta-0,106,,,,
&H31917,Sing,0,0,???,Chassis,pta-5&1,107,,,,
&H31DEF,Sing,0,0,???,Chassis,pta-2,107,,,,
&H322CF,Sing,0,0,???,Chassis,pta-3,107,,,,
&H327AD,Sing,0,0,???,Chassis,pta-4,107,,,,
&H32C8D,Sing,0,0,???,Chassis,pta-0,107,,,,
&H31921,Sing,27,27,???,Chassis,pta-5&1,108,,,,
&H31DF9,Sing,27,27,???,Chassis,pta-2,108,,,,
&H322D9,Sing,27,27,???,Chassis,pta-3,108,,,,
&H327B7,Sing,27,27,???,Chassis,pta-4,108,,,,
&H32C97,Sing,27,27,???,Chassis,pta-0,108,,,,
&H3192B,Sing,-40,-40,???,Chassis,pta-5&1,109,,,,
&H31E03,Sing,-40,-40,???,Chassis,pta-2,109,,,,
&H322E3,Sing,-40,-40,???,Chassis,pta-3,109,,,,
&H327C1,Sing,-40,-40,???,Chassis,pta-4,109,,,,
&H32CA1,Sing,-40,-40,???,Chassis,pta-0,109,,,,
&H31935,Sing,220,220,???,Chassis,pta-5&1,110,,,,
&H31E0D,Sing,220,220,???,Chassis,pta-2,110,,,,
&H322ED,Sing,220,220,???,Chassis,pta-3,110,,,,
&H327CB,Sing,220,220,???,Chassis,pta-4,110,,,,
&H32CAB,Sing,220,220,???,Chassis,pta-0,110,,,,
&H3193F,Long,-1,-1,???,Chassis,pta-5&1,111,,,,
&H31E17,Long,-1,-1,???,Chassis,pta-2,111,,,,
&H322F7,Long,-1,-1,???,Chassis,pta-3,111,,,,
&H327D5,Long,-1,-1,???,Chassis,pta-4,111,,,,
&H32CB5,Long,-1,-1,???,Chassis,pta-0,111,,,,
&H31949,Sing,3600,3600,???,Chassis,pta-5&1,112,,,,
&H31E21,Sing,3600,3600,???,Chassis,pta-2,112,,,,
&H32301,Sing,3600,3600,???,Chassis,pta-3,112,,,,
&H327DF,Sing,3600,3600,???,Chassis,pta-4,112,,,,
&H32CBF,Sing,3600,3600,???,Chassis,pta-0,112,,,,
&H2EE561,Sing,0.0873,0.0873,???,Chassis,all-5&1,113,,,,
&H2EE589,Sing,0.1378,0.1378,???,Chassis,all-0&2-4,113,,,,
&H2EF259,Sing,0,0,RPM-1,Engine,14,Field03,pta,"1, 2, 3, 4, 5",Qual,
&H2EF2C9,Sing,0,0,RPM-1,Engine,15,Field03,pta,"1, 2, 3, 4, 5",Race,
&H2EF339,Sing,0,0,RPM-1,Engine,13,Field03,pta,0,,
&H2EF25D,Sing,170,100,Torque-1,Engine,14,Field04,pta,"1, 2, 3, 4, 5",Qual,
&H2EF2CD,Sing,170,100,Torque-1,Engine,15,Field04,pta,"1, 2, 3, 4, 6",Race,
&H2EF33D,Sing,170,110,Torque-1,Engine,13,Field04,pta,0,,
&H2EF261,Sing,7000,6200,RPM-2,Engine,14,Field05,pta,"1, 2, 3, 4, 5",Qual,
&H2EF2D1,Sing,7000,6200,RPM-2,Engine,15,Field05,pta,"1, 2, 3, 4, 7",Race,
&H2EF341,Sing,7000,5500,RPM-2,Engine,13,Field05,pta,0,,
&H2EF265,Sing,240,230,Torque-2,Engine,14,Field06,pta,"1, 2, 3, 4, 5",Qual,
&H2EF2D5,Sing,240,230,Torque-2,Engine,15,Field06,pta,"1, 2, 3, 4, 8",Race,
&H2EF345,Sing,240,215,Torque-2,Engine,13,Field06,pta,0,,
&H2EF269,Sing,10750,7800,RPM-3,Engine,14,Field07,pta,"1, 2, 3, 4, 5",Qual,
&H2EF2D9,Sing,10750,7800,RPM-3,Engine,15,Field07,pta,"1, 2, 3, 4, 9",Race,
&H2EF349,Sing,10750,8500,RPM-3,Engine,13,Field07,pta,0,,
&H2EF26D,Sing,214,205,Torque-3,Engine,14,Field08,pta,"1, 2, 3, 4, 5",Qual,
&H2EF2DD,Sing,214,205,Torque-3,Engine,15,Field08,pta,"1, 2, 3, 4, 10",Race,
&H2EF34D,Sing,214,185,Torque-3,Engine,13,Field08,pta,0,,
&H2EF271,Sing,2.87,3.308,Stroke (in),Engine,14,Field09,pta,"1, 2, 3, 4, 5",Qual,
&H2EF2E1,Sing,2.87,3.308,Stroke (in),Engine,15,Field09,pta,"1, 2, 3, 4, 11",Race,
&H2EF351,Sing,2.87,4,Stroke (in),Engine,13,Field09,pta,0,,
&H2EF275,Sing,213,358,C.I.D.,Engine,14,Field10,pta,"1, 2, 3, 4, 5",Qual,
&H2EF2E5,Sing,213,358,C.I.D.,Engine,15,Field10,pta,"1, 2, 3, 4, 12",Race,
&H2EF355,Sing,213,450,C.I.D.,Engine,13,Field10,pta,0,,
&H2EF279,Sing,6,8,Cylinders,Engine,14,Field11,pta,"1, 2, 3, 4, 5",Qual,
&H2EF2E9,Sing,6,8,Cylinders,Engine,15,Field11,pta,"1, 2, 3, 4, 13",Race,
&H2EF359,Sing,6,8,Cylinders,Engine,13,Field11,pta,0,,
&H2EF27D,Sing,1,1,# Intake Valves,Engine,14,Field12,pta,"1, 2, 3, 4, 5",Qual,
&H2EF2ED,Sing,1,1,# Intake Valves,Engine,15,Field12,pta,"1, 2, 3, 4, 14",Race,
&H2EF35D,Sing,1,1,# Intake Valves,Engine,13,Field12,pta,0,,
&H2EF281,Sing,2.07,2.07,Intake Valve Size,Engine,14,Field13,pta,"1, 2, 3, 4, 5",Qual,
&H2EF2F1,Sing,2.07,2.07,Intake Valve Size,Engine,15,Field13,pta,"1, 2, 3, 4, 15",Race,
&H2EF361,Sing,2.2,2.2,Intake Valve Size,Engine,13,Field13,pta,0,,
&H2EF285,Sing,11500,8200,Redline,Engine,14,Field14,pta,"1, 2, 3, 4, 5",Qual,
&H2EF2F5,Sing,11500,8200,Redline,Engine,15,Field14,pta,"1, 2, 3, 4, 16",Race,
&H2EF365,Sing,11500,8200,Redline,Engine,13,Field14,pta,0,,
&H2EF289,Sing,680,700,??? Peak Power,Engine,14,Field15,pta,"1, 2, 3, 4, 5",Qual,
&H2EF2F9,Sing,680,700,??? Peak Power,Engine,15,Field15,pta,"1, 2, 3, 4, 17",Race,
&H2EF369,Sing,680,700,??? Peak Power,Engine,13,Field15,pta,0,,
&H2EF28D,Sing,19,19,???,Engine,14,Field16,pta,"1, 2, 3, 4, 5",Qual,
&H2EF2FD,Sing,19,19,???,Engine,15,Field16,pta,"1, 2, 3, 4, 18",Race,
&H2EF36D,Sing,19,19,???,Engine,13,Field16,pta,0,,
&H2EF291,Sing,18,18,??? Race/Qual,Engine,14,Field17,pta,"1, 2, 3, 4, 5",Qual,
&H2EF301,Sing,12,12,??? Race/Qual,Engine,15,Field17,pta,"1, 2, 3, 4, 19",Race,
&H2EF371,Sing,12,12,??? Race/Qual,Engine,13,Field17,pta,0,,
&H2EF295,Sing,450,450,Oil Cooling,Engine,14,Field18,pta,"1, 2, 3, 4, 5",Qual,
&H2EF305,Sing,450,450,Oil Cooling,Engine,15,Field18,pta,"1, 2, 3, 4, 20",Race,
&H2EF375,Sing,1050,1050,Oil Cooling,Engine,13,Field18,pta,0,,
&H2EF299,Sing,1390,1390,Water cooling,Engine,14,Field19,pta,"1, 2, 3, 4, 5",Qual,
&H2EF309,Sing,1390,1390,Water cooling,Engine,15,Field19,pta,"1, 2, 3, 4, 21",Race,
&H2EF379,Sing,1900,1900,Water cooling,Engine,13,Field19,pta,0,,
&H2EF29D,Long,6,6,Gears,Engine,14,Field20,pta,"1, 2, 3, 4, 5",Qual,
&H2EF30D,Long,6,6,Gears,Engine,15,Field20,pta,"1, 2, 3, 4, 22",Race,
&H2EF37D,Long,6,6,Gears,Engine,13,Field20,pta,0,,
&H2EF2A1,Sing,-2.733333,-2.733333,AI Reverse,Engine,14,Field21,pta,"1, 2, 3, 4, 5",Qual,
&H2EF311,Sing,-2.733333,-2.733333,AI Reverse,Engine,15,Field21,pta,"1, 2, 3, 4, 23",Race,
&H2EF381,Sing,-2.733333,-2.733333,AI Reverse,Engine,13,Field21,pta,0,,
&H2EF2A5,Sing,0,0,AI Neutral,Engine,14,Field22,pta,"1, 2, 3, 4, 5",Qual,
&H2EF315,Sing,0,0,AI Neutral,Engine,15,Field22,pta,"1, 2, 3, 4, 24",Race,
&H2EF385,Sing,0,0,AI Neutral,Engine,13,Field22,pta,0,,
&H2EF2A9,Sing,2.733333,3.214,AI 1st Gear,Engine,14,Field23,pta,"1, 2, 3, 4, 5",Qual,
&H2EF319,Sing,2.733333,3.214,AI 1st Gear,Engine,15,Field23,pta,"1, 2, 3, 4, 25",Race,
&H2EF389,Sing,2.733333,3.214,AI 1st Gear,Engine,13,Field23,pta,0,,
&H2EF2AD,Sing,1.8,1.875,AI 2nd Gear,Engine,14,Field24,pta,"1, 2, 3, 4, 5",Qual,
&H2EF31D,Sing,1.8,1.875,AI 2nd Gear,Engine,15,Field24,pta,"1, 2, 3, 4, 26",Race,
&H2EF38D,Sing,1.8,1.875,AI 2nd Gear,Engine,13,Field24,pta,0,,
&H2EF2B1,Sing,1.333333,1.286,AI 3rd Gear,Engine,14,Field25,pta,"1, 2, 3, 4, 5",Qual,
&H2EF321,Sing,1.333333,1.286,AI 3rd Gear,Engine,15,Field25,pta,"1, 2, 3, 4, 27",Race,
&H2EF391,Sing,1.333333,1.286,AI 3rd Gear,Engine,13,Field25,pta,0,,
&H2EF2B5,Sing,1,1.08,AI 4th Gear,Engine,14,Field26,pta,"1, 2, 3, 4, 5",Qual,
&H2EF325,Sing,1,1.08,AI 4th Gear,Engine,15,Field26,pta,"1, 2, 3, 4, 28",Race,
&H2EF395,Sing,1,1.08,AI 4th Gear,Engine,13,Field26,pta,0,,
&H2EF2B9,Sing,1,0.96,AI 5th Gear,Engine,14,Field27,pta,"1, 2, 3, 4, 5",Qual,
&H2EF329,Sing,1,0.96,AI 5th Gear,Engine,15,Field27,pta,"1, 2, 3, 4, 29",Race,
&H2EF399,Sing,1,0.96,AI 5th Gear,Engine,13,Field27,pta,0,,
&H2EF2BD,Sing,1,0.885,AI 6th Gear,Engine,14,Field28,pta,"1, 2, 3, 4, 5",Qual,
&H2EF32D,Sing,1,0.885,AI 6th Gear,Engine,15,Field28,pta,"1, 2, 3, 4, 30",Race,
&H2EF39D,Sing,1,0.885,AI 6th Gear,Engine,13,Field28,pta,0,,
&H2EF2C1,Sing,3.4375,4.214,AI Diff Ratio,Engine,14,Field29,pta,"1, 2, 3, 4, 5",Qual,
&H2EF331,Sing,3.4375,4.214,AI Diff Ratio,Engine,15,Field29,pta,"1, 2, 3, 4, 31",Race,
&H2EF3A1,Sing,3.4375,4.214,AI Diff Ratio,Engine,13,Field29,pta,0,,
&H2EF2C5,Long,1,1,??? Qual/Race,Engine,14,Field30,pta,"1, 2, 3, 4, 5",Qual,
&H2EF335,Long,1,0,??? Qual/Race,Engine,15,Field30,pta,"1, 2, 3, 4, 32",Race,
&H2EF3A5,Long,1,0,??? Qual/Race,Engine,13,Field30,pta,0,,
&H2EFB91,Doub,13.98971974,13.98971974,Tire Radius? (In),Wheel,"2,9,18",Field01,,,,
&H2EFBA1,Doub,14.08521246,14.08521246,Tire Radius? (In),Wheel,"3,10,19",Field01,,,,
&H2EFBB1,Doub,13.89422702,13.89422702,Tire Radius? (In),Wheel,"4,6,11,13,20,22",Field01,,,,
&H2EFBC1,Doub,14.10112772,14.10112772,Tire Radius? (In),Wheel,"5,7,12,14,21,23",Field01,,,,
&H2EFBD1,Doub,13.91014227,13.91014227,Tire Radius? (In),Wheel,"0,1,8,15,17,25",Field01,,,,
&H2EFBF9,Doub,12.46183253,12.46183253,Tire Radius? (In),Wheel,"16,24",Field01,,,,
&H2EFB8D,Sing,7.5,7.5,Rim Radius? (In),Wheel,0-15,Field02,,,,
&H2EA479,Sing,10,10,??? Rim Width (in),Wheel,"0-15, 18-23",Field03,,,,
&H2EFBF1,Sing,12.5,12.5,??? Rim Width (in),Wheel,"16,24",Field03,,,,
&H2EFB89,Sing,10.6,10.6,Tread Width (in),Wheel,"2,9",Field04,,,,
&H2EFB99,Sing,10.8,10.8,Tread Width (in),Wheel,"3,10",Field04,,,,
&H2EFBA9,Sing,11.2,11.2,Tread Width (in),Wheel,"4,6,11,13",Field04,,,,
&H2EFBB9,Sing,11.6,11.6,Tread Width (in),Wheel,"0,1,5,7,8,12,14,15",Field04,,,,
&H2EFBE1,Sing,12.8,12.8,Tread Width (in),Wheel,"16,18,20,22,24",Field04,,,,
&H2EFBE5,Sing,13.2,13.2,Tread Width (in),Wheel,"17,19,21,23,25",Field04,,,,
&H2EFB85,Sing,61,61,Weight-1 (lbs),Wheel,"0-15,17,25",Field05a,,,,
&H2EFBDD,Sing,59,59,Weight-1 (lbs),Wheel,18-23,Field05a,,,,
&H2EFBED,Sing,57,57,Weight-1 (lbs),Wheel,"16,24",Field05a,,,,
&H2ED00D,Sing,100,100,Weight-2 (lbs),Wheel,"4,5,11,12",Field05b,,,,
&H2EFB81,Sing,92,92,Weight-2 (lbs),Wheel,"2,3,9,10,16,17,22-25",Field05b,,,,
&H2EFBC9,Sing,103,103,Weight-2 (lbs),Wheel,"0,1,6,7,8,13,14,15",Field05b,,,,
&H2EFBD9,Sing,80,80,Weight-2 (lbs),Wheel,"18,19",Field05b,,,,
&H2EFBE9,Sing,90,90,Weight-2 (lbs),Wheel,"20,21",Field05b,,,,
&H554E5,Sing,0.1,0.1,???,Wheel,2,Field09,,,,
&H556C5,Sing,0.1,0.1,???,Wheel,3,Field09,,,,
&H558A5,Sing,0.1,0.1,???,Wheel,4,Field09,,,,
&H55A85,Sing,0.1,0.1,???,Wheel,5,Field09,,,,
&H55C65,Sing,0.1,0.1,???,Wheel,6,Field09,,,,
&H55E45,Sing,0.1,0.1,???,Wheel,7,Field09,,,,
&H56025,Sing,0.1,0.1,???,Wheel,8,Field09,,,,
&H56205,Sing,0.05,0.05,???,Wheel,0,Field09,,,,
&H563E5,Sing,0.05,0.05,???,Wheel,1,Field09,,,,
&H565C5,Sing,0.1,0.1,???,Wheel,9,Field09,,,,
&H567A5,Sing,0.1,0.1,???,Wheel,10,Field09,,,,
&H56985,Sing,0.1,0.1,???,Wheel,11,Field09,,,,
&H56B65,Sing,0.1,0.1,???,Wheel,12,Field09,,,,
&H56D45,Sing,0.1,0.1,???,Wheel,13,Field09,,,,
&H56F25,Sing,0.1,0.1,???,Wheel,14,Field09,,,,
&H57105,Sing,0.1,0.1,???,Wheel,15,Field09,,,,
&H572E5,Sing,0.1,0.1,???,Wheel,18,Field09,,,,
&H574C5,Sing,0.1,0.1,???,Wheel,19,Field09,,,,
&H576A5,Sing,0.1,0.1,???,Wheel,20,Field09,,,,
&H57885,Sing,0.1,0.1,???,Wheel,21,Field09,,,,
&H57A65,Sing,0.1,0.1,???,Wheel,22,Field09,,,,
&H57C45,Sing,0.1,0.1,???,Wheel,23,Field09,,,,
&H57E25,Sing,0.1,0.1,???,Wheel,24,Field09,,,,
&H58005,Sing,0.1,0.1,???,Wheel,25,Field09,,,,
&H581E5,Sing,0.05,0.05,???,Wheel,16,Field09,,,,
&H583C5,Sing,0.05,0.05,???,Wheel,17,Field09,,,,
&H554EF,Sing,28,28,??? Low Pressure,Wheel,2,Field10,,,,
&H556CF,Sing,48,48,??? Low Pressure,Wheel,3,Field10,,,,
&H558AF,Sing,28,28,??? Low Pressure,Wheel,4,Field10,,,,
&H55A8F,Sing,48,48,??? Low Pressure,Wheel,5,Field10,,,,
&H55C6F,Sing,22,22,??? Low Pressure,Wheel,6,Field10,,,,
&H55E4F,Sing,35,35,??? Low Pressure,Wheel,7,Field10,,,,
&H5602F,Sing,19,19,??? Low Pressure,Wheel,8,Field10,,,,
&H5620F,Sing,30,30,??? Low Pressure,Wheel,0,Field10,,,,
&H563EF,Sing,30,30,??? Low Pressure,Wheel,1,Field10,,,,
&H565CF,Sing,28,28,??? Low Pressure,Wheel,9,Field10,,,,
&H567AF,Sing,48,48,??? Low Pressure,Wheel,10,Field10,,,,
&H5698F,Sing,28,28,??? Low Pressure,Wheel,11,Field10,,,,
&H56B6F,Sing,48,48,??? Low Pressure,Wheel,12,Field10,,,,
&H56D4F,Sing,22,22,??? Low Pressure,Wheel,13,Field10,,,,
&H56F2F,Sing,35,35,??? Low Pressure,Wheel,14,Field10,,,,
&H5710F,Sing,19,19,??? Low Pressure,Wheel,15,Field10,,,,
&H572EF,Sing,28,28,??? Low Pressure,Wheel,18,Field10,,,,
&H574CF,Sing,48,48,??? Low Pressure,Wheel,19,Field10,,,,
&H576AF,Sing,28,28,??? Low Pressure,Wheel,20,Field10,,,,
&H5788F,Sing,48,48,??? Low Pressure,Wheel,21,Field10,,,,
&H57A6F,Sing,22,22,??? Low Pressure,Wheel,22,Field10,,,,
&H57C4F,Sing,35,35,??? Low Pressure,Wheel,23,Field10,,,,
&H57E2F,Sing,19,19,??? Low Pressure,Wheel,24,Field10,,,,
&H5800F,Sing,19,19,??? Low Pressure,Wheel,25,Field10,,,,
&H581EF,Sing,30,30,??? Low Pressure,Wheel,16,Field10,,,,
&H583CF,Sing,30,30,??? Low Pressure,Wheel,17,Field10,,,,
&H554F9,Sing,40,40,???,Wheel,2,Field11,,,,
&H556D9,Sing,40,40,???,Wheel,3,Field11,,,,
&H558B9,Sing,40,40,???,Wheel,4,Field11,,,,
&H55A99,Sing,40,40,???,Wheel,5,Field11,,,,
&H55C79,Sing,40,40,???,Wheel,6,Field11,,,,
&H55E59,Sing,40,40,???,Wheel,7,Field11,,,,
&H56039,Sing,40,40,???,Wheel,8,Field11,,,,
&H56219,Sing,40,40,???,Wheel,0,Field11,,,,
&H563F9,Sing,40,40,???,Wheel,1,Field11,,,,
&H565D9,Sing,40,40,???,Wheel,9,Field11,,,,
&H567B9,Sing,40,40,???,Wheel,10,Field11,,,,
&H56999,Sing,40,40,???,Wheel,11,Field11,,,,
&H56B79,Sing,40,40,???,Wheel,12,Field11,,,,
&H56D59,Sing,40,40,???,Wheel,13,Field11,,,,
&H56F39,Sing,40,40,???,Wheel,14,Field11,,,,
&H57119,Sing,40,40,???,Wheel,15,Field11,,,,
&H572F9,Sing,40,40,???,Wheel,18,Field11,,,,
&H574D9,Sing,40,40,???,Wheel,19,Field11,,,,
&H576B9,Sing,40,40,???,Wheel,20,Field11,,,,
&H57899,Sing,40,40,???,Wheel,21,Field11,,,,
&H57A79,Sing,40,40,???,Wheel,22,Field11,,,,
&H57C59,Sing,40,40,???,Wheel,23,Field11,,,,
&H57E39,Sing,40,40,???,Wheel,24,Field11,,,,
&H58019,Sing,40,40,???,Wheel,25,Field11,,,,
&H581F9,Sing,40,40,???,Wheel,16,Field11,,,,
&H583D9,Sing,40,40,???,Wheel,17,Field11,,,,
&H55503,Sing,34,34,Optimal Pressure?,Wheel,2,Field12,,,,
&H556E3,Sing,56,56,Optimal Pressure?,Wheel,3,Field12,,,,
&H558C3,Sing,34,34,Optimal Pressure?,Wheel,4,Field12,,,,
&H55AA3,Sing,56,56,Optimal Pressure?,Wheel,5,Field12,,,,
&H55C83,Sing,28,28,Optimal Pressure?,Wheel,6,Field12,,,,
&H55E63,Sing,42,42,Optimal Pressure?,Wheel,7,Field12,,,,
&H56043,Sing,26,26,Optimal Pressure?,Wheel,8,Field12,,,,
&H56223,Sing,50,50,Optimal Pressure?,Wheel,0,Field12,,,,
&H56403,Sing,50,50,Optimal Pressure?,Wheel,1,Field12,,,,
&H565E3,Sing,34,34,Optimal Pressure?,Wheel,9,Field12,,,,
&H567C3,Sing,56,56,Optimal Pressure?,Wheel,10,Field12,,,,
&H569A3,Sing,34,34,Optimal Pressure?,Wheel,11,Field12,,,,
&H56B83,Sing,56,56,Optimal Pressure?,Wheel,12,Field12,,,,
&H56D63,Sing,28,28,Optimal Pressure?,Wheel,13,Field12,,,,
&H56F43,Sing,42,42,Optimal Pressure?,Wheel,14,Field12,,,,
&H57123,Sing,26,26,Optimal Pressure?,Wheel,15,Field12,,,,
&H57303,Sing,34,34,Optimal Pressure?,Wheel,18,Field12,,,,
&H574E3,Sing,56,56,Optimal Pressure?,Wheel,19,Field12,,,,
&H576C3,Sing,34,34,Optimal Pressure?,Wheel,20,Field12,,,,
&H578A3,Sing,56,56,Optimal Pressure?,Wheel,21,Field12,,,,
&H57A83,Sing,28,28,Optimal Pressure?,Wheel,22,Field12,,,,
&H57C63,Sing,42,42,Optimal Pressure?,Wheel,23,Field12,,,,
&H57E43,Sing,26,26,Optimal Pressure?,Wheel,24,Field12,,,,
&H58023,Sing,26,26,Optimal Pressure?,Wheel,25,Field12,,,,
&H58203,Sing,50,50,Optimal Pressure?,Wheel,16,Field12,,,,
&H583E3,Sing,50,50,Optimal Pressure?,Wheel,17,Field12,,,,
&H5551F,Sing,1.35,1.35,Heat,Wheel,2,Field13,,,,
&H556FF,Sing,1.69,1.69,Heat,Wheel,3,Field13,,,,
&H558DF,Sing,1.26,1.26,Heat,Wheel,4,Field13,,,,
&H55ABF,Sing,1.52,1.52,Heat,Wheel,5,Field13,,,,
&H55C9F,Sing,1.41,1.41,Heat,Wheel,6,Field13,,,,
&H55E7F,Sing,1.65,1.65,Heat,Wheel,7,Field13,,,,
&H5605F,Sing,1.56,1.56,Heat,Wheel,8,Field13,,,,
&H5623F,Sing,1,1,Heat,Wheel,0,Field13,,,,
&H5641F,Sing,1,1,Heat,Wheel,1,Field13,,,,
&H565FF,Sing,1.35,1.35,Heat,Wheel,9,Field13,,,,
&H567DF,Sing,1.69,1.69,Heat,Wheel,10,Field13,,,,
&H569BF,Sing,1.26,1.26,Heat,Wheel,11,Field13,,,,
&H56B9F,Sing,1.52,1.52,Heat,Wheel,12,Field13,,,,
&H56D7F,Sing,1.41,1.41,Heat,Wheel,13,Field13,,,,
&H56F5F,Sing,1.65,1.65,Heat,Wheel,14,Field13,,,,
&H5713F,Sing,1.56,1.56,Heat,Wheel,15,Field13,,,,
&H5731F,Sing,1.15,1.15,Heat,Wheel,18,Field13,,,,
&H574FF,Sing,1.6,1.6,Heat,Wheel,19,Field13,,,,
&H576DF,Sing,1.5,1.5,Heat,Wheel,20,Field13,,,,
&H578BF,Sing,2,2,Heat,Wheel,21,Field13,,,,
&H57A9F,Sing,2,2,Heat,Wheel,22,Field13,,,,
&H57C7F,Sing,2.4,2.4,Heat,Wheel,23,Field13,,,,
&H57E5F,Sing,1.54,1.54,Heat,Wheel,24,Field13,,,,
&H5803F,Sing,1.81,1.81,Heat,Wheel,25,Field13,,,,
&H5821F,Sing,1,1,Heat,Wheel,16,Field13,,,,
&H583FF,Sing,1,1,Heat,Wheel,17,Field13,,,,
&H55529,Sing,650,650,???,Wheel,2,Field14,,,,
&H55709,Sing,650,650,???,Wheel,3,Field14,,,,
&H558E9,Sing,650,650,???,Wheel,4,Field14,,,,
&H55AC9,Sing,650,650,???,Wheel,5,Field14,,,,
&H55CA9,Sing,650,650,???,Wheel,6,Field14,,,,
&H55E89,Sing,650,650,???,Wheel,7,Field14,,,,
&H56069,Sing,650,650,???,Wheel,8,Field14,,,,
&H56249,Sing,650,650,???,Wheel,0,Field14,,,,
&H56429,Sing,650,650,???,Wheel,1,Field14,,,,
&H56609,Sing,650,650,???,Wheel,9,Field14,,,,
&H567E9,Sing,650,650,???,Wheel,10,Field14,,,,
&H569C9,Sing,650,650,???,Wheel,11,Field14,,,,
&H56BA9,Sing,650,650,???,Wheel,12,Field14,,,,
&H56D89,Sing,650,650,???,Wheel,13,Field14,,,,
&H56F69,Sing,650,650,???,Wheel,14,Field14,,,,
&H57149,Sing,650,650,???,Wheel,15,Field14,,,,
&H57329,Sing,650,650,???,Wheel,18,Field14,,,,
&H57509,Sing,650,650,???,Wheel,19,Field14,,,,
&H576E9,Sing,650,650,???,Wheel,20,Field14,,,,
&H578C9,Sing,650,650,???,Wheel,21,Field14,,,,
&H57AA9,Sing,650,650,???,Wheel,22,Field14,,,,
&H57C89,Sing,650,650,???,Wheel,23,Field14,,,,
&H57E69,Sing,620,620,???,Wheel,24,Field14,,,,
&H58049,Sing,650,650,???,Wheel,25,Field14,,,,
&H58229,Sing,650,650,???,Wheel,16,Field14,,,,
&H58409,Sing,650,650,???,Wheel,17,Field14,,,,
&H55533,Sing,4500,4500,??? Point-1,Wheel,2,Field15,,,,
&H55713,Sing,4500,4500,??? Point-1,Wheel,3,Field15,,,,
&H558F3,Sing,4500,4500,??? Point-1,Wheel,4,Field15,,,,
&H55AD3,Sing,4500,4500,??? Point-1,Wheel,5,Field15,,,,
&H55CB3,Sing,4500,4500,??? Point-1,Wheel,6,Field15,,,,
&H55E93,Sing,4500,4500,??? Point-1,Wheel,7,Field15,,,,
&H56073,Sing,4500,4500,??? Point-1,Wheel,8,Field15,,,,
&H56253,Sing,4500,4500,??? Point-1,Wheel,0,Field15,,,,
&H56433,Sing,4500,4500,??? Point-1,Wheel,1,Field15,,,,
&H56613,Sing,4500,4500,??? Point-1,Wheel,9,Field15,,,,
&H567F3,Sing,4500,4500,??? Point-1,Wheel,10,Field15,,,,
&H569D3,Sing,4500,4500,??? Point-1,Wheel,11,Field15,,,,
&H56BB3,Sing,4500,4500,??? Point-1,Wheel,12,Field15,,,,
&H56D93,Sing,4500,4500,??? Point-1,Wheel,13,Field15,,,,
&H56F73,Sing,4500,4500,??? Point-1,Wheel,14,Field15,,,,
&H57153,Sing,4500,4500,??? Point-1,Wheel,15,Field15,,,,
&H57333,Sing,4500,4500,??? Point-1,Wheel,18,Field15,,,,
&H57513,Sing,4500,4500,??? Point-1,Wheel,19,Field15,,,,
&H576F3,Sing,4500,4500,??? Point-1,Wheel,20,Field15,,,,
&H578D3,Sing,4500,4500,??? Point-1,Wheel,21,Field15,,,,
&H57AB3,Sing,4500,4500,??? Point-1,Wheel,22,Field15,,,,
&H57C93,Sing,4500,4500,??? Point-1,Wheel,23,Field15,,,,
&H57E73,Sing,4200,4200,??? Point-1,Wheel,24,Field15,,,,
&H58053,Sing,4500,4500,??? Point-1,Wheel,25,Field15,,,,
&H58233,Sing,4500,4500,??? Point-1,Wheel,16,Field15,,,,
&H58413,Sing,4500,4500,??? Point-1,Wheel,17,Field15,,,,
&H5553D,Sing,1.5,1.5,???,Wheel,2,Field16,,,,
&H5571D,Sing,1.64,1.64,???,Wheel,3,Field16,,,,
&H558FD,Sing,1.7,1.7,???,Wheel,4,Field16,,,,
&H55ADD,Sing,1.78,1.78,???,Wheel,5,Field16,,,,
&H55CBD,Sing,1.72,1.72,???,Wheel,6,Field16,,,,
&H55E9D,Sing,1.9,1.9,???,Wheel,7,Field16,,,,
&H5607D,Sing,1.92,1.92,???,Wheel,8,Field16,,,,
&H5625D,Sing,2,2,???,Wheel,0,Field16,,,,
&H5643D,Sing,2.1,2.1,???,Wheel,1,Field16,,,,
&H5661D,Sing,1.425,1.425,???,Wheel,9,Field16,,,,
&H567FD,Sing,1.558,1.558,???,Wheel,10,Field16,,,,
&H569DD,Sing,1.615,1.615,???,Wheel,11,Field16,,,,
&H56BBD,Sing,1.691,1.691,???,Wheel,12,Field16,,,,
&H56D9D,Sing,1.634,1.634,???,Wheel,13,Field16,,,,
&H56F7D,Sing,1.805,1.805,???,Wheel,14,Field16,,,,
&H5715D,Sing,1.824,1.824,???,Wheel,15,Field16,,,,
&H5733D,Sing,1.6,1.6,???,Wheel,18,Field16,,,,
&H5751D,Sing,1.74,1.74,???,Wheel,19,Field16,,,,
&H576FD,Sing,1.7,1.7,???,Wheel,20,Field16,,,,
&H578DD,Sing,1.78,1.78,???,Wheel,21,Field16,,,,
&H57ABD,Sing,1.72,1.72,???,Wheel,22,Field16,,,,
&H57C9D,Sing,1.9,1.9,???,Wheel,23,Field16,,,,
&H57E7D,Sing,1.96,1.96,???,Wheel,24,Field16,,,,
&H5805D,Sing,2,2,???,Wheel,25,Field16,,,,
&H5823D,Sing,2,2,???,Wheel,16,Field16,,,,
&H5841D,Sing,2.1,2.1,???,Wheel,17,Field16,,,,
&H5554D,Sing,1.3,1.3,Grip,Wheel,2,Field17,,,,
&H5572D,Sing,1.2,1.2,Grip,Wheel,3,Field17,,,,
&H5590D,Sing,1.52,1.52,Grip,Wheel,4,Field17,,,,
&H55AED,Sing,1.33,1.33,Grip,Wheel,5,Field17,,,,
&H55CCD,Sing,1.52,1.52,Grip,Wheel,6,Field17,,,,
&H55EAD,Sing,1.47,1.47,Grip,Wheel,7,Field17,,,,
&H5608D,Sing,1.75,1.75,Grip,Wheel,8,Field17,,,,
&H5626D,Sing,1.73,1.73,Grip,Wheel,0,Field17,,,,
&H5644D,Sing,1.74,1.74,Grip,Wheel,1,Field17,,,,
&H5662D,Sing,1.235,1.235,Grip,Wheel,9,Field17,,,,
&H5680D,Sing,1.14,1.14,Grip,Wheel,10,Field17,,,,
&H569ED,Sing,1.444,1.444,Grip,Wheel,11,Field17,,,,
&H56BCD,Sing,1.2635,1.2635,Grip,Wheel,12,Field17,,,,
&H56DAD,Sing,1.444,1.444,Grip,Wheel,13,Field17,,,,
&H56F8D,Sing,1.3965,1.3965,Grip,Wheel,14,Field17,,,,
&H5716D,Sing,1.6625,1.6625,Grip,Wheel,15,Field17,,,,
&H5734D,Sing,1.4,1.4,Grip,Wheel,18,Field17,,,,
&H5752D,Sing,1.3,1.3,Grip,Wheel,19,Field17,,,,
&H5770D,Sing,1.52,1.52,Grip,Wheel,20,Field17,,,,
&H578ED,Sing,1.33,1.33,Grip,Wheel,21,Field17,,,,
&H57ACD,Sing,1.52,1.52,Grip,Wheel,22,Field17,,,,
&H57CAD,Sing,1.47,1.47,Grip,Wheel,23,Field17,,,,
&H57E8D,Sing,1.79,1.79,Grip,Wheel,24,Field17,,,,
&H5806D,Sing,1.84,1.84,Grip,Wheel,25,Field17,,,,
&H5824D,Sing,1.73,1.73,Grip,Wheel,16,Field17,,,,
&H5842D,Sing,1.74,1.74,Grip,Wheel,17,Field17,,,,
&H55557,Sing,1.5,1.5,???,Wheel,2,Field18,,,,
&H55737,Sing,1.2,1.2,???,Wheel,3,Field18,,,,
&H55917,Sing,1.3,1.3,???,Wheel,4,Field18,,,,
&H55AF7,Sing,1.2,1.2,???,Wheel,5,Field18,,,,
&H55CD7,Sing,1.3,1.3,???,Wheel,6,Field18,,,,
&H55EB7,Sing,1.3,1.3,???,Wheel,7,Field18,,,,
&H56097,Sing,1.2,1.2,???,Wheel,8,Field18,,,,
&H56277,Sing,1.4,1.4,???,Wheel,0,Field18,,,,
&H56457,Sing,1.2,1.2,???,Wheel,1,Field18,,,,
&H56637,Sing,1.5,1.5,???,Wheel,9,Field18,,,,
&H56817,Sing,1.2,1.2,???,Wheel,10,Field18,,,,
&H569F7,Sing,1.3,1.3,???,Wheel,11,Field18,,,,
&H56BD7,Sing,1.2,1.2,???,Wheel,12,Field18,,,,
&H56DB7,Sing,1.3,1.3,???,Wheel,13,Field18,,,,
&H56F97,Sing,1.3,1.3,???,Wheel,14,Field18,,,,
&H57177,Sing,1.2,1.2,???,Wheel,15,Field18,,,,
&H57357,Sing,1.5,1.5,???,Wheel,18,Field18,,,,
&H57537,Sing,1.2,1.2,???,Wheel,19,Field18,,,,
&H57717,Sing,1.3,1.3,???,Wheel,20,Field18,,,,
&H578F7,Sing,1.2,1.2,???,Wheel,21,Field18,,,,
&H57AD7,Sing,1.3,1.3,???,Wheel,22,Field18,,,,
&H57CB7,Sing,1.3,1.3,???,Wheel,23,Field18,,,,
&H57E97,Sing,1.2,1.2,???,Wheel,24,Field18,,,,
&H58077,Sing,1.2,1.2,???,Wheel,25,Field18,,,,
&H58257,Sing,1.4,1.4,???,Wheel,16,Field18,,,,
&H58437,Sing,1.2,1.2,???,Wheel,17,Field18,,,,
&H55561,Sing,120,120,???,Wheel,2,Field19,,,,
&H55741,Sing,120,120,???,Wheel,3,Field19,,,,
&H55921,Sing,120,120,???,Wheel,4,Field19,,,,
&H55B01,Sing,120,120,???,Wheel,5,Field19,,,,
&H55CE1,Sing,120,120,???,Wheel,6,Field19,,,,
&H55EC1,Sing,120,120,???,Wheel,7,Field19,,,,
&H560A1,Sing,120,120,???,Wheel,8,Field19,,,,
&H56281,Sing,90,90,???,Wheel,0,Field19,,,,
&H56461,Sing,180,180,???,Wheel,1,Field19,,,,
&H56641,Sing,120,120,???,Wheel,9,Field19,,,,
&H56821,Sing,120,120,???,Wheel,10,Field19,,,,
&H56A01,Sing,120,120,???,Wheel,11,Field19,,,,
&H56BE1,Sing,120,120,???,Wheel,12,Field19,,,,
&H56DC1,Sing,120,120,???,Wheel,13,Field19,,,,
&H56FA1,Sing,120,120,???,Wheel,14,Field19,,,,
&H57181,Sing,120,120,???,Wheel,15,Field19,,,,
&H57361,Sing,120,120,???,Wheel,18,Field19,,,,
&H57541,Sing,120,120,???,Wheel,19,Field19,,,,
&H57721,Sing,120,120,???,Wheel,20,Field19,,,,
&H57901,Sing,120,120,???,Wheel,21,Field19,,,,
&H57AE1,Sing,120,120,???,Wheel,22,Field19,,,,
&H57CC1,Sing,120,120,???,Wheel,23,Field19,,,,
&H57EA1,Sing,120,120,???,Wheel,24,Field19,,,,
&H58081,Sing,120,120,???,Wheel,25,Field19,,,,
&H58261,Sing,90,90,???,Wheel,16,Field19,,,,
&H58441,Sing,180,180,???,Wheel,17,Field19,,,,
&H5556B,Sing,0.02,0.02,???,Wheel,2,Field20,,,,
&H5574B,Sing,0.02,0.02,???,Wheel,3,Field20,,,,
&H5592B,Sing,0.02,0.02,???,Wheel,4,Field20,,,,
&H55B0B,Sing,0.02,0.02,???,Wheel,5,Field20,,,,
&H55CEB,Sing,0.02,0.02,???,Wheel,6,Field20,,,,
&H55ECB,Sing,0.02,0.02,???,Wheel,7,Field20,,,,
&H560AB,Sing,0.02,0.02,???,Wheel,8,Field20,,,,
&H5628B,Sing,0.1,0.1,???,Wheel,0,Field20,,,,
&H5646B,Sing,0.1,0.1,???,Wheel,1,Field20,,,,
&H5664B,Sing,0.02,0.02,???,Wheel,9,Field20,,,,
&H5682B,Sing,0.02,0.02,???,Wheel,10,Field20,,,,
&H56A0B,Sing,0.02,0.02,???,Wheel,11,Field20,,,,
&H56BEB,Sing,0.02,0.02,???,Wheel,12,Field20,,,,
&H56DCB,Sing,0.02,0.02,???,Wheel,13,Field20,,,,
&H56FAB,Sing,0.02,0.02,???,Wheel,14,Field20,,,,
&H5718B,Sing,0.02,0.02,???,Wheel,15,Field20,,,,
&H5736B,Sing,0.02,0.02,???,Wheel,18,Field20,,,,
&H5754B,Sing,0.02,0.02,???,Wheel,19,Field20,,,,
&H5772B,Sing,0.02,0.02,???,Wheel,20,Field20,,,,
&H5790B,Sing,0.02,0.02,???,Wheel,21,Field20,,,,
&H57AEB,Sing,0.02,0.02,???,Wheel,22,Field20,,,,
&H57CCB,Sing,0.02,0.02,???,Wheel,23,Field20,,,,
&H57EAB,Sing,0.02,0.02,???,Wheel,24,Field20,,,,
&H5808B,Sing,0.02,0.02,???,Wheel,25,Field20,,,,
&H5826B,Sing,0.1,0.1,???,Wheel,16,Field20,,,,
&H5844B,Sing,0.1,0.1,???,Wheel,17,Field20,,,,
&H5558D,Sing,1,1,???,Wheel,2,Field21,,,,
&H5576D,Sing,1,1,???,Wheel,3,Field21,,,,
&H5594D,Sing,1,1,???,Wheel,4,Field21,,,,
&H55B2D,Sing,1,1,???,Wheel,5,Field21,,,,
&H55D0D,Sing,1,1,???,Wheel,6,Field21,,,,
&H55EED,Sing,1,1,???,Wheel,7,Field21,,,,
&H560CD,Sing,1,1,???,Wheel,8,Field21,,,,
&H562AD,Sing,0.9,0.9,???,Wheel,0,Field21,,,,
&H5648D,Sing,0.9,0.9,???,Wheel,1,Field21,,,,
&H5666D,Sing,1,1,???,Wheel,9,Field21,,,,
&H5684D,Sing,1,1,???,Wheel,10,Field21,,,,
&H56A2D,Sing,1,1,???,Wheel,11,Field21,,,,
&H56C0D,Sing,1,1,???,Wheel,12,Field21,,,,
&H56DED,Sing,1,1,???,Wheel,13,Field21,,,,
&H56FCD,Sing,1,1,???,Wheel,14,Field21,,,,
&H571AD,Sing,1,1,???,Wheel,15,Field21,,,,
&H5738D,Sing,1,1,???,Wheel,18,Field21,,,,
&H5756D,Sing,1,1,???,Wheel,19,Field21,,,,
&H5774D,Sing,1,1,???,Wheel,20,Field21,,,,
&H5792D,Sing,1,1,???,Wheel,21,Field21,,,,
&H57B0D,Sing,1,1,???,Wheel,22,Field21,,,,
&H57CED,Sing,1,1,???,Wheel,23,Field21,,,,
&H57ECD,Sing,1,1,???,Wheel,24,Field21,,,,
&H580AD,Sing,1,1,???,Wheel,25,Field21,,,,
&H5828D,Sing,0.9,0.9,???,Wheel,16,Field21,,,,
&H5846D,Sing,0.9,0.9,???,Wheel,17,Field21,,,,
&H55597,Sing,-0.23,-0.23,Grip-2,Wheel,2,Field22,,,,
&H55777,Sing,-0.15,-0.15,Grip-2,Wheel,3,Field22,,,,
&H55957,Sing,-0.24,-0.24,Grip-2,Wheel,4,Field22,,,,
&H55B37,Sing,-0.17,-0.17,Grip-2,Wheel,5,Field22,,,,
&H55D17,Sing,-0.22,-0.22,Grip-2,Wheel,6,Field22,,,,
&H55EF7,Sing,-0.22,-0.22,Grip-2,Wheel,7,Field22,,,,
&H560D7,Sing,-0.36,-0.36,Grip-2,Wheel,8,Field22,,,,
&H562B7,Sing,-0.2,-0.2,Grip-2,Wheel,0,Field22,,,,
&H56497,Sing,-0.2,-0.2,Grip-2,Wheel,1,Field22,,,,
&H56677,Sing,-0.23,-0.23,Grip-2,Wheel,9,Field22,,,,
&H56857,Sing,-0.15,-0.15,Grip-2,Wheel,10,Field22,,,,
&H56A37,Sing,-0.24,-0.24,Grip-2,Wheel,11,Field22,,,,
&H56C17,Sing,-0.17,-0.17,Grip-2,Wheel,12,Field22,,,,
&H56DF7,Sing,-0.22,-0.22,Grip-2,Wheel,13,Field22,,,,
&H56FD7,Sing,-0.22,-0.22,Grip-2,Wheel,14,Field22,,,,
&H571B7,Sing,-0.36,-0.36,Grip-2,Wheel,15,Field22,,,,
&H57397,Sing,-0.26,-0.26,Grip-2,Wheel,18,Field22,,,,
&H57577,Sing,-0.17,-0.17,Grip-2,Wheel,19,Field22,,,,
&H57757,Sing,-0.24,-0.24,Grip-2,Wheel,20,Field22,,,,
&H57937,Sing,-0.17,-0.17,Grip-2,Wheel,21,Field22,,,,
&H57B17,Sing,-0.22,-0.22,Grip-2,Wheel,22,Field22,,,,
&H57CF7,Sing,-0.22,-0.22,Grip-2,Wheel,23,Field22,,,,
&H57ED7,Sing,-0.32,-0.32,Grip-2,Wheel,24,Field22,,,,
&H580B7,Sing,-0.3,-0.3,Grip-2,Wheel,25,Field22,,,,
&H58297,Sing,-0.2,-0.2,Grip-2,Wheel,16,Field22,,,,
&H58477,Sing,-0.2,-0.2,Grip-2,Wheel,17,Field22,,,,
&H555A3,Sing,4700,4700,??? Point-2,Wheel,2,Field23,,,,
&H55783,Sing,7500,7500,??? Point-2,Wheel,3,Field23,,,,
&H55963,Sing,4450,4450,??? Point-2,Wheel,4,Field23,,,,
&H55B43,Sing,7200,7200,??? Point-2,Wheel,5,Field23,,,,
&H55D23,Sing,4200,4200,??? Point-2,Wheel,6,Field23,,,,
&H55F03,Sing,6300,6300,??? Point-2,Wheel,7,Field23,,,,
&H560E3,Sing,3350,3350,??? Point-2,Wheel,8,Field23,,,,
&H562C3,Sing,5000,5000,??? Point-2,Wheel,0,Field23,,,,
&H564A3,Sing,5000,5000,??? Point-2,Wheel,1,Field23,,,,
&H56683,Sing,4700,4700,??? Point-2,Wheel,9,Field23,,,,
&H56863,Sing,7500,7500,??? Point-2,Wheel,10,Field23,,,,
&H56A43,Sing,4450,4450,??? Point-2,Wheel,11,Field23,,,,
&H56C23,Sing,7200,7200,??? Point-2,Wheel,12,Field23,,,,
&H56E03,Sing,4200,4200,??? Point-2,Wheel,13,Field23,,,,
&H56FE3,Sing,6300,6300,??? Point-2,Wheel,14,Field23,,,,
&H571C3,Sing,3350,3350,??? Point-2,Wheel,15,Field23,,,,
&H573A3,Sing,3760,3760,??? Point-2,Wheel,18,Field23,,,,
&H57583,Sing,6000,6000,??? Point-2,Wheel,19,Field23,,,,
&H57763,Sing,3560,3560,??? Point-2,Wheel,20,Field23,,,,
&H57943,Sing,5760,5760,??? Point-2,Wheel,21,Field23,,,,
&H57B23,Sing,3360,3360,??? Point-2,Wheel,22,Field23,,,,
&H57D03,Sing,5040,5040,??? Point-2,Wheel,23,Field23,,,,
&H57EE3,Sing,2610,2610,??? Point-2,Wheel,24,Field23,,,,
&H580C3,Sing,2710,2710,??? Point-2,Wheel,25,Field23,,,,
&H582A3,Sing,5000,5000,??? Point-2,Wheel,16,Field23,,,,
&H58483,Sing,5000,5000,??? Point-2,Wheel,17,Field23,,,,
&H555AD,Sing,0.42,0.42,???,Wheel,2,Field24,,,,
&H5578D,Sing,0.28,0.28,???,Wheel,3,Field24,,,,
&H5596D,Sing,0.33,0.33,???,Wheel,4,Field24,,,,
&H55B4D,Sing,0.29,0.29,???,Wheel,5,Field24,,,,
&H55D2D,Sing,0.26,0.26,???,Wheel,6,Field24,,,,
&H55F0D,Sing,0.21,0.21,???,Wheel,7,Field24,,,,
&H560ED,Sing,0.3,0.3,???,Wheel,8,Field24,,,,
&H562CD,Sing,0.16,0.16,???,Wheel,0,Field24,,,,
&H564AD,Sing,0.16,0.16,???,Wheel,1,Field24,,,,
&H5668D,Sing,0.42,0.42,???,Wheel,9,Field24,,,,
&H5686D,Sing,0.28,0.28,???,Wheel,10,Field24,,,,
&H56A4D,Sing,0.33,0.33,???,Wheel,11,Field24,,,,
&H56C2D,Sing,0.29,0.29,???,Wheel,12,Field24,,,,
&H56E0D,Sing,0.26,0.26,???,Wheel,13,Field24,,,,
&H56FED,Sing,0.21,0.21,???,Wheel,14,Field24,,,,
&H571CD,Sing,0.3,0.3,???,Wheel,15,Field24,,,,
&H573AD,Sing,0.38,0.38,???,Wheel,18,Field24,,,,
&H5758D,Sing,0.28,0.28,???,Wheel,19,Field24,,,,
&H5776D,Sing,0.33,0.33,???,Wheel,20,Field24,,,,
&H5794D,Sing,0.29,0.29,???,Wheel,21,Field24,,,,
&H57B2D,Sing,0.26,0.26,???,Wheel,22,Field24,,,,
&H57D0D,Sing,0.21,0.21,???,Wheel,23,Field24,,,,
&H57EED,Sing,0.3,0.3,???,Wheel,24,Field24,,,,
&H580CD,Sing,0.3,0.3,???,Wheel,25,Field24,,,,
&H582AD,Sing,0.16,0.16,???,Wheel,16,Field24,,,,
&H5848D,Sing,0.16,0.16,???,Wheel,17,Field24,,,,
&H555B7,Sing,1.13,1.13,???,Wheel,2,Field25,,,,
&H55797,Sing,1.13,1.13,???,Wheel,3,Field25,,,,
&H55977,Sing,1.13,1.13,???,Wheel,4,Field25,,,,
&H55B57,Sing,1.13,1.13,???,Wheel,5,Field25,,,,
&H55D37,Sing,1.13,1.13,???,Wheel,6,Field25,,,,
&H55F17,Sing,1.13,1.13,???,Wheel,7,Field25,,,,
&H560F7,Sing,1.13,1.13,???,Wheel,8,Field25,,,,
&H562D7,Sing,1.13,1.13,???,Wheel,0,Field25,,,,
&H564B7,Sing,1.1,1.1,???,Wheel,1,Field25,,,,
&H56697,Sing,1.13,1.13,???,Wheel,9,Field25,,,,
&H56877,Sing,1.13,1.13,???,Wheel,10,Field25,,,,
&H56A57,Sing,1.13,1.13,???,Wheel,11,Field25,,,,
&H56C37,Sing,1.13,1.13,???,Wheel,12,Field25,,,,
&H56E17,Sing,1.13,1.13,???,Wheel,13,Field25,,,,
&H56FF7,Sing,1.13,1.13,???,Wheel,14,Field25,,,,
&H571D7,Sing,1.13,1.13,???,Wheel,15,Field25,,,,
&H573B7,Sing,1.13,1.13,???,Wheel,18,Field25,,,,
&H57597,Sing,1.13,1.13,???,Wheel,19,Field25,,,,
&H57777,Sing,1.13,1.13,???,Wheel,20,Field25,,,,
&H57957,Sing,1.13,1.13,???,Wheel,21,Field25,,,,
&H57B37,Sing,1.13,1.13,???,Wheel,22,Field25,,,,
&H57D17,Sing,1.13,1.13,???,Wheel,23,Field25,,,,
&H57EF7,Sing,1.13,1.13,???,Wheel,24,Field25,,,,
&H580D7,Sing,1.13,1.13,???,Wheel,25,Field25,,,,
&H582B7,Sing,1.13,1.13,???,Wheel,16,Field25,,,,
&H58497,Sing,1.1,1.1,???,Wheel,17,Field25,,,,
&H555C1,Sing,4.33E-06,4.33E-06,???,Wheel,2,Field26,,,,
&H557A1,Sing,6.67E-06,6.67E-06,???,Wheel,3,Field26,,,,
&H55981,Sing,6.33E-06,6.33E-06,???,Wheel,4,Field26,,,,
&H55B61,Sing,6.67E-06,6.67E-06,???,Wheel,5,Field26,,,,
&H55D41,Sing,6.33E-06,6.33E-06,???,Wheel,6,Field26,,,,
&H55F21,Sing,6.67E-06,6.67E-06,???,Wheel,7,Field26,,,,
&H56101,Sing,6.67E-06,6.67E-06,???,Wheel,8,Field26,,,,
&H562E1,Sing,6.67E-09,6.67E-09,???,Wheel,0,Field26,,,,
&H564C1,Sing,6.67E-09,6.67E-09,???,Wheel,1,Field26,,,,
&H566A1,Sing,0.00000286,0.00000286,???,Wheel,9,Field26,,,,
&H56881,Sing,0.0000044,0.0000044,???,Wheel,10,Field26,,,,
&H56A61,Sing,0.00000418,0.00000418,???,Wheel,11,Field26,,,,
&H56C41,Sing,0.0000044,0.0000044,???,Wheel,12,Field26,,,,
&H56E21,Sing,0.00000418,0.00000418,???,Wheel,13,Field26,,,,
&H57001,Sing,0.0000044,0.0000044,???,Wheel,14,Field26,,,,
&H571E1,Sing,0.0000044,0.0000044,???,Wheel,15,Field26,,,,
&H573C1,Sing,0.000002,0.000002,???,Wheel,18,Field26,,,,
&H575A1,Sing,0.000002,0.000002,???,Wheel,19,Field26,,,,
&H57781,Sing,0.000002,0.000002,???,Wheel,20,Field26,,,,
&H57961,Sing,0.000002,0.000002,???,Wheel,21,Field26,,,,
&H57B41,Sing,0.000002,0.000002,???,Wheel,22,Field26,,,,
&H57D21,Sing,0.000002,0.000002,???,Wheel,23,Field26,,,,
&H57F01,Sing,0.000002,0.000002,???,Wheel,24,Field26,,,,
&H580E1,Sing,0.000002,0.000002,???,Wheel,25,Field26,,,,
&H582C1,Sing,0.000000002,0.000000002,???,Wheel,16,Field26,,,,
&H584A1,Sing,0.000000002,0.000000002,???,Wheel,17,Field26,,,,
&H555CB,Sing,0.000181818,0.000181818,???,Wheel,2,Field27,,,,
&H557AB,Sing,0.000181818,0.000181818,???,Wheel,3,Field27,,,,
&H5598B,Sing,0.000181818,0.000181818,???,Wheel,4,Field27,,,,
&H55B6B,Sing,0.000181818,0.000181818,???,Wheel,5,Field27,,,,
&H55D4B,Sing,0.000181818,0.000181818,???,Wheel,6,Field27,,,,
&H55F2B,Sing,0.000181818,0.000181818,???,Wheel,7,Field27,,,,
&H5610B,Sing,0.000181818,0.000181818,???,Wheel,8,Field27,,,,
&H562EB,Sing,0.000181818,0.000181818,???,Wheel,0,Field27,,,,
&H564CB,Sing,0.000181818,0.000181818,???,Wheel,1,Field27,,,,
&H566AB,Sing,0.00012,0.00012,???,Wheel,9,Field27,,,,
&H5688B,Sing,0.00012,0.00012,???,Wheel,10,Field27,,,,
&H56A6B,Sing,0.00012,0.00012,???,Wheel,11,Field27,,,,
&H56C4B,Sing,0.00012,0.00012,???,Wheel,12,Field27,,,,
&H56E2B,Sing,0.00012,0.00012,???,Wheel,13,Field27,,,,
&H5700B,Sing,0.00012,0.00012,???,Wheel,14,Field27,,,,
&H571EB,Sing,0.00012,0.00012,???,Wheel,15,Field27,,,,
&H573CB,Sing,0.000181818,0.000181818,???,Wheel,18,Field27,,,,
&H575AB,Sing,0.000181818,0.000181818,???,Wheel,19,Field27,,,,
&H5778B,Sing,0.000181818,0.000181818,???,Wheel,20,Field27,,,,
&H5796B,Sing,0.000181818,0.000181818,???,Wheel,21,Field27,,,,
&H57B4B,Sing,0.000181818,0.000181818,???,Wheel,22,Field27,,,,
&H57D2B,Sing,0.000181818,0.000181818,???,Wheel,23,Field27,,,,
&H57F0B,Sing,0.000181818,0.000181818,???,Wheel,24,Field27,,,,
&H580EB,Sing,0.000181818,0.000181818,???,Wheel,25,Field27,,,,
&H582CB,Sing,0.000181818,0.000181818,???,Wheel,16,Field27,,,,
&H584AB,Sing,0.000181818,0.000181818,???,Wheel,17,Field27,,,,
&H555D5,Sing,6.67E-06,6.67E-06,???,Wheel,2,Field28,,,,
&H557B5,Sing,6.67E-06,6.67E-06,???,Wheel,3,Field28,,,,
&H55995,Sing,6.67E-06,6.67E-06,???,Wheel,4,Field28,,,,
&H55B75,Sing,6.67E-06,6.67E-06,???,Wheel,5,Field28,,,,
&H55D55,Sing,6.67E-06,6.67E-06,???,Wheel,6,Field28,,,,
&H55F35,Sing,6.67E-06,6.67E-06,???,Wheel,7,Field28,,,,
&H56115,Sing,6.67E-06,6.67E-06,???,Wheel,8,Field28,,,,
&H562F5,Sing,6.67E-06,6.67E-06,???,Wheel,0,Field28,,,,
&H564D5,Sing,6.67E-06,6.67E-06,???,Wheel,1,Field28,,,,
&H566B5,Sing,6.67E-06,6.67E-06,???,Wheel,9,Field28,,,,
&H56895,Sing,6.67E-06,6.67E-06,???,Wheel,10,Field28,,,,
&H56A75,Sing,6.67E-06,6.67E-06,???,Wheel,11,Field28,,,,
&H56C55,Sing,6.67E-06,6.67E-06,???,Wheel,12,Field28,,,,
&H56E35,Sing,6.67E-06,6.67E-06,???,Wheel,13,Field28,,,,
&H57015,Sing,6.67E-06,6.67E-06,???,Wheel,14,Field28,,,,
&H571F5,Sing,6.67E-06,6.67E-06,???,Wheel,15,Field28,,,,
&H573D5,Sing,6.67E-06,6.67E-06,???,Wheel,18,Field28,,,,
&H575B5,Sing,6.67E-06,6.67E-06,???,Wheel,19,Field28,,,,
&H57795,Sing,6.67E-06,6.67E-06,???,Wheel,20,Field28,,,,
&H57975,Sing,6.67E-06,6.67E-06,???,Wheel,21,Field28,,,,
&H57B55,Sing,6.67E-06,6.67E-06,???,Wheel,22,Field28,,,,
&H57D35,Sing,6.67E-06,6.67E-06,???,Wheel,23,Field28,,,,
&H57F15,Sing,6.67E-06,6.67E-06,???,Wheel,24,Field28,,,,
&H580F5,Sing,6.67E-06,6.67E-06,???,Wheel,25,Field28,,,,
&H582D5,Sing,6.67E-06,6.67E-06,???,Wheel,16,Field28,,,,
&H584B5,Sing,6.67E-06,6.67E-06,???,Wheel,17,Field28,,,,
&H555FD,Sing,0.000666667,0.000666667,???,Wheel,2,Field29,,,,
&H557DD,Sing,0.000666667,0.000666667,???,Wheel,3,Field29,,,,
&H559BD,Sing,0.000666667,0.000666667,???,Wheel,4,Field29,,,,
&H55B9D,Sing,0.000666667,0.000666667,???,Wheel,5,Field29,,,,
&H55D7D,Sing,0.000666667,0.000666667,???,Wheel,6,Field29,,,,
&H55F5D,Sing,0.000666667,0.000666667,???,Wheel,7,Field29,,,,
&H5613D,Sing,0.000666667,0.000666667,???,Wheel,8,Field29,,,,
&H5631D,Sing,0.000666667,0.000666667,???,Wheel,0,Field29,,,,
&H564FD,Sing,0.000666667,0.000666667,???,Wheel,1,Field29,,,,
&H566DD,Sing,0.000666667,0.000666667,???,Wheel,9,Field29,,,,
&H568BD,Sing,0.000666667,0.000666667,???,Wheel,10,Field29,,,,
&H56A9D,Sing,0.000666667,0.000666667,???,Wheel,11,Field29,,,,
&H56C7D,Sing,0.000666667,0.000666667,???,Wheel,12,Field29,,,,
&H56E5D,Sing,0.000666667,0.000666667,???,Wheel,13,Field29,,,,
&H5703D,Sing,0.000666667,0.000666667,???,Wheel,14,Field29,,,,
&H5721D,Sing,0.000666667,0.000666667,???,Wheel,15,Field29,,,,
&H573FD,Sing,0.000666667,0.000666667,???,Wheel,18,Field29,,,,
&H575DD,Sing,0.000666667,0.000666667,???,Wheel,19,Field29,,,,
&H577BD,Sing,0.000666667,0.000666667,???,Wheel,20,Field29,,,,
&H5799D,Sing,0.000666667,0.000666667,???,Wheel,21,Field29,,,,
&H57B7D,Sing,0.000666667,0.000666667,???,Wheel,22,Field29,,,,
&H57D5D,Sing,0.000666667,0.000666667,???,Wheel,23,Field29,,,,
&H57F3D,Sing,0.000666667,0.000666667,???,Wheel,24,Field29,,,,
&H5811D,Sing,0.000666667,0.000666667,???,Wheel,25,Field29,,,,
&H582FD,Sing,0.000666667,0.000666667,???,Wheel,16,Field29,,,,
&H584DD,Sing,0.000666667,0.000666667,???,Wheel,17,Field29,,,,
&H55607,Sing,35,35,???,Wheel,2,Field30,,,,
&H557E7,Sing,35,35,???,Wheel,3,Field30,,,,
&H559C7,Sing,35,35,???,Wheel,4,Field30,,,,
&H55BA7,Sing,35,35,???,Wheel,5,Field30,,,,
&H55D87,Sing,35,35,???,Wheel,6,Field30,,,,
&H55F67,Sing,35,35,???,Wheel,7,Field30,,,,
&H56147,Sing,35,35,???,Wheel,8,Field30,,,,
&H56327,Sing,35,35,???,Wheel,0,Field30,,,,
&H56507,Sing,35,35,???,Wheel,1,Field30,,,,
&H566E7,Sing,35,35,???,Wheel,9,Field30,,,,
&H568C7,Sing,35,35,???,Wheel,10,Field30,,,,
&H56AA7,Sing,35,35,???,Wheel,11,Field30,,,,
&H56C87,Sing,35,35,???,Wheel,12,Field30,,,,
&H56E67,Sing,35,35,???,Wheel,13,Field30,,,,
&H57047,Sing,35,35,???,Wheel,14,Field30,,,,
&H57227,Sing,35,35,???,Wheel,15,Field30,,,,
&H57407,Sing,35,35,???,Wheel,18,Field30,,,,
&H575E7,Sing,35,35,???,Wheel,19,Field30,,,,
&H577C7,Sing,35,35,???,Wheel,20,Field30,,,,
&H579A7,Sing,35,35,???,Wheel,21,Field30,,,,
&H57B87,Sing,35,35,???,Wheel,22,Field30,,,,
&H57D67,Sing,35,35,???,Wheel,23,Field30,,,,
&H57F47,Sing,35,35,???,Wheel,24,Field30,,,,
&H58127,Sing,35,35,???,Wheel,25,Field30,,,,
&H58307,Sing,35,35,???,Wheel,16,Field30,,,,
&H584E7,Sing,35,35,???,Wheel,17,Field30,,,,
&H55613,Sing,372,372,???,Wheel,2,Field31,,,,
&H557F3,Sing,388,388,???,Wheel,3,Field31,,,,
&H559D3,Sing,372,372,???,Wheel,4,Field31,,,,
&H55BB3,Sing,388,388,???,Wheel,5,Field31,,,,
&H55D93,Sing,372,372,???,Wheel,6,Field31,,,,
&H55F73,Sing,388,388,???,Wheel,7,Field31,,,,
&H56153,Sing,372,372,???,Wheel,8,Field31,,,,
&H56333,Sing,400,400,???,Wheel,0,Field31,,,,
&H56513,Sing,400,400,???,Wheel,1,Field31,,,,
&H566F3,Sing,372,372,???,Wheel,9,Field31,,,,
&H568D3,Sing,388,388,???,Wheel,10,Field31,,,,
&H56AB3,Sing,372,372,???,Wheel,11,Field31,,,,
&H56C93,Sing,388,388,???,Wheel,12,Field31,,,,
&H56E73,Sing,372,372,???,Wheel,13,Field31,,,,
&H57053,Sing,388,388,???,Wheel,14,Field31,,,,
&H57233,Sing,372,372,???,Wheel,15,Field31,,,,
&H57413,Sing,372,372,???,Wheel,18,Field31,,,,
&H575F3,Sing,388,388,???,Wheel,19,Field31,,,,
&H577D3,Sing,372,372,???,Wheel,20,Field31,,,,
&H579B3,Sing,388,388,???,Wheel,21,Field31,,,,
&H57B93,Sing,372,372,???,Wheel,22,Field31,,,,
&H57D73,Sing,388,388,???,Wheel,23,Field31,,,,
&H57F53,Sing,372,372,???,Wheel,24,Field31,,,,
&H58133,Sing,372,372,???,Wheel,25,Field31,,,,
&H58313,Sing,400,400,???,Wheel,16,Field31,,,,
&H584F3,Sing,400,400,???,Wheel,17,Field31,,,,
&H5561D,Sing,505,505,???,Wheel,2,Field32,,,,
&H557FD,Sing,505,505,???,Wheel,3,Field32,,,,
&H559DD,Sing,505,505,???,Wheel,4,Field32,,,,
&H55BBD,Sing,505,505,???,Wheel,5,Field32,,,,
&H55D9D,Sing,505,505,???,Wheel,6,Field32,,,,
&H55F7D,Sing,505,505,???,Wheel,7,Field32,,,,
&H5615D,Sing,505,505,???,Wheel,8,Field32,,,,
&H5633D,Sing,505,505,???,Wheel,0,Field32,,,,
&H5651D,Sing,505,505,???,Wheel,1,Field32,,,,
&H566FD,Sing,505,505,???,Wheel,9,Field32,,,,
&H568DD,Sing,505,505,???,Wheel,10,Field32,,,,
&H56ABD,Sing,505,505,???,Wheel,11,Field32,,,,
&H56C9D,Sing,505,505,???,Wheel,12,Field32,,,,
&H56E7D,Sing,505,505,???,Wheel,13,Field32,,,,
&H5705D,Sing,505,505,???,Wheel,14,Field32,,,,
&H5723D,Sing,505,505,???,Wheel,15,Field32,,,,
&H5741D,Sing,505,505,???,Wheel,18,Field32,,,,
&H575FD,Sing,505,505,???,Wheel,19,Field32,,,,
&H577DD,Sing,505,505,???,Wheel,20,Field32,,,,
&H579BD,Sing,505,505,???,Wheel,21,Field32,,,,
&H57B9D,Sing,505,505,???,Wheel,22,Field32,,,,
&H57D7D,Sing,505,505,???,Wheel,23,Field32,,,,
&H57F5D,Sing,505,505,???,Wheel,24,Field32,,,,
&H5813D,Sing,505,505,???,Wheel,25,Field32,,,,
&H5831D,Sing,505,505,???,Wheel,16,Field32,,,,
&H584FD,Sing,505,505,???,Wheel,17,Field32,,,,
&H55627,Sing,9200,9200,???,Wheel,2,Field33,,,,
&H55807,Sing,9200,9200,???,Wheel,3,Field33,,,,
&H559E7,Sing,9200,9200,???,Wheel,4,Field33,,,,
&H55BC7,Sing,9200,9200,???,Wheel,5,Field33,,,,
&H55DA7,Sing,9200,9200,???,Wheel,6,Field33,,,,
&H55F87,Sing,9200,9200,???,Wheel,7,Field33,,,,
&H56167,Sing,9200,9200,???,Wheel,8,Field33,,,,
&H56347,Sing,9200,9200,???,Wheel,0,Field33,,,,
&H56527,Sing,9200,9200,???,Wheel,1,Field33,,,,
&H56707,Sing,9200,9200,???,Wheel,9,Field33,,,,
&H568E7,Sing,9200,9200,???,Wheel,10,Field33,,,,
&H56AC7,Sing,9200,9200,???,Wheel,11,Field33,,,,
&H56CA7,Sing,9200,9200,???,Wheel,12,Field33,,,,
&H56E87,Sing,9200,9200,???,Wheel,13,Field33,,,,
&H57067,Sing,9200,9200,???,Wheel,14,Field33,,,,
&H57247,Sing,9200,9200,???,Wheel,15,Field33,,,,
&H57427,Sing,9200,9200,???,Wheel,18,Field33,,,,
&H57607,Sing,9200,9200,???,Wheel,19,Field33,,,,
&H577E7,Sing,9200,9200,???,Wheel,20,Field33,,,,
&H579C7,Sing,9200,9200,???,Wheel,21,Field33,,,,
&H57BA7,Sing,9200,9200,???,Wheel,22,Field33,,,,
&H57D87,Sing,9200,9200,???,Wheel,23,Field33,,,,
&H57F67,Sing,9200,9200,???,Wheel,24,Field33,,,,
&H58147,Sing,9200,9200,???,Wheel,25,Field33,,,,
&H58327,Sing,9200,9200,???,Wheel,16,Field33,,,,
&H58507,Sing,9200,9200,???,Wheel,17,Field33,,,,
&H55631,Sing,0.0036,0.0036,???,Wheel,2,Field34,,,,
&H55811,Sing,0.0036,0.0036,???,Wheel,3,Field34,,,,
&H559F1,Sing,0.0036,0.0036,???,Wheel,4,Field34,,,,
&H55BD1,Sing,0.0036,0.0036,???,Wheel,5,Field34,,,,
&H55DB1,Sing,0.0036,0.0036,???,Wheel,6,Field34,,,,
&H55F91,Sing,0.0036,0.0036,???,Wheel,7,Field34,,,,
&H56171,Sing,0.0036,0.0036,???,Wheel,8,Field34,,,,
&H56351,Sing,0.0036,0.0036,???,Wheel,0,Field34,,,,
&H56531,Sing,0.0036,0.0036,???,Wheel,1,Field34,,,,
&H56711,Sing,0.0036,0.0036,???,Wheel,9,Field34,,,,
&H568F1,Sing,0.0036,0.0036,???,Wheel,10,Field34,,,,
&H56AD1,Sing,0.0036,0.0036,???,Wheel,11,Field34,,,,
&H56CB1,Sing,0.0036,0.0036,???,Wheel,12,Field34,,,,
&H56E91,Sing,0.0036,0.0036,???,Wheel,13,Field34,,,,
&H57071,Sing,0.0036,0.0036,???,Wheel,14,Field34,,,,
&H57251,Sing,0.0036,0.0036,???,Wheel,15,Field34,,,,
&H57431,Sing,0.0036,0.0036,???,Wheel,18,Field34,,,,
&H57611,Sing,0.0036,0.0036,???,Wheel,19,Field34,,,,
&H577F1,Sing,0.0036,0.0036,???,Wheel,20,Field34,,,,
&H579D1,Sing,0.0036,0.0036,???,Wheel,21,Field34,,,,
&H57BB1,Sing,0.0036,0.0036,???,Wheel,22,Field34,,,,
&H57D91,Sing,0.0036,0.0036,???,Wheel,23,Field34,,,,
&H57F71,Sing,0.0036,0.0036,???,Wheel,24,Field34,,,,
&H58151,Sing,0.0036,0.0036,???,Wheel,25,Field34,,,,
&H58331,Sing,0.0036,0.0036,???,Wheel,16,Field34,,,,
&H58511,Sing,0.0036,0.0036,???,Wheel,17,Field34,,,,
&H55645,Sing,400,400,???,Wheel,2,Field35,,,,
&H55825,Sing,400,400,???,Wheel,3,Field35,,,,
&H55A05,Sing,400,400,???,Wheel,4,Field35,,,,
&H55BE5,Sing,400,400,???,Wheel,5,Field35,,,,
&H55DC5,Sing,400,400,???,Wheel,6,Field35,,,,
&H55FA5,Sing,400,400,???,Wheel,7,Field35,,,,
&H56185,Sing,400,400,???,Wheel,8,Field35,,,,
&H56365,Sing,400,400,???,Wheel,0,Field35,,,,
&H56545,Sing,400,400,???,Wheel,1,Field35,,,,
&H56725,Sing,400,400,???,Wheel,9,Field35,,,,
&H56905,Sing,400,400,???,Wheel,10,Field35,,,,
&H56AE5,Sing,400,400,???,Wheel,11,Field35,,,,
&H56CC5,Sing,400,400,???,Wheel,12,Field35,,,,
&H56EA5,Sing,400,400,???,Wheel,13,Field35,,,,
&H57085,Sing,400,400,???,Wheel,14,Field35,,,,
&H57265,Sing,400,400,???,Wheel,15,Field35,,,,
&H57445,Sing,400,400,???,Wheel,18,Field35,,,,
&H57625,Sing,400,400,???,Wheel,19,Field35,,,,
&H57805,Sing,400,400,???,Wheel,20,Field35,,,,
&H579E5,Sing,400,400,???,Wheel,21,Field35,,,,
&H57BC5,Sing,400,400,???,Wheel,22,Field35,,,,
&H57DA5,Sing,400,400,???,Wheel,23,Field35,,,,
&H57F85,Sing,400,400,???,Wheel,24,Field35,,,,
&H58165,Sing,400,400,???,Wheel,25,Field35,,,,
&H58345,Sing,400,400,???,Wheel,16,Field35,,,,
&H58525,Sing,400,400,???,Wheel,17,Field35,,,,
&H5564F,Sing,550,550,???,Wheel,2,Field36,,,,
&H5582F,Sing,550,550,???,Wheel,3,Field36,,,,
&H55A0F,Sing,550,550,???,Wheel,4,Field36,,,,
&H55BEF,Sing,550,550,???,Wheel,5,Field36,,,,
&H55DCF,Sing,550,550,???,Wheel,6,Field36,,,,
&H55FAF,Sing,550,550,???,Wheel,7,Field36,,,,
&H5618F,Sing,550,550,???,Wheel,8,Field36,,,,
&H5636F,Sing,550,550,???,Wheel,0,Field36,,,,
&H5654F,Sing,550,550,???,Wheel,1,Field36,,,,
&H5672F,Sing,550,550,???,Wheel,9,Field36,,,,
&H5690F,Sing,550,550,???,Wheel,10,Field36,,,,
&H56AEF,Sing,550,550,???,Wheel,11,Field36,,,,
&H56CCF,Sing,550,550,???,Wheel,12,Field36,,,,
&H56EAF,Sing,550,550,???,Wheel,13,Field36,,,,
&H5708F,Sing,550,550,???,Wheel,14,Field36,,,,
&H5726F,Sing,550,550,???,Wheel,15,Field36,,,,
&H5744F,Sing,550,550,???,Wheel,18,Field36,,,,
&H5762F,Sing,550,550,???,Wheel,19,Field36,,,,
&H5780F,Sing,550,550,???,Wheel,20,Field36,,,,
&H579EF,Sing,550,550,???,Wheel,21,Field36,,,,
&H57BCF,Sing,550,550,???,Wheel,22,Field36,,,,
&H57DAF,Sing,550,550,???,Wheel,23,Field36,,,,
&H57F8F,Sing,550,550,???,Wheel,24,Field36,,,,
&H5816F,Sing,550,550,???,Wheel,25,Field36,,,,
&H5834F,Sing,550,550,???,Wheel,16,Field36,,,,
&H5852F,Sing,550,550,???,Wheel,17,Field36,,,,
,,,,,,,,,,,
,,,,,,,,,,,
Garage Settings,Label Added to exe file name,---,,,,,,,,,
&H2EDD2F,Sing,0,0,???,Garage,---,Field 01,Min,,,
&H2EDD33,Sing,0,0,???,Garage,---,Field 02,Max,,,
&H2EDD37,Sing,0.25,0.25,???,Garage,---,Field 03,Step,,,
&H2EDD3B,Sing,0,0,???,Garage,---,Field 04,Default?,,,
&H2EDD4B,Sing,0,0,???,Garage,---,Field 05,Min,,,
&H2EDD4F,Sing,0,0,???,Garage,---,Field 06,Max,,,
&H2EDD53,Sing,0.25,0.25,???,Garage,---,Field 07,Step,,,
&H2EDD57,Sing,0,0,???,Garage,---,Field 08,Default?,,,
&H2EDD67,Sing,0,0,???,Garage,---,Field 09,Min,,,
&H2EDD6B,Sing,0,0,???,Garage,---,Field 10,Max,,,
&H2EDD6F,Sing,0.25,0.25,???,Garage,---,Field 11,Step,,,
&H2EDD73,Sing,0,0,???,Garage,---,Field 12,Default?,,,
&H2EDD83,Sing,0,0,???,Garage,---,Field 13,Min,,,
&H2EDD87,Sing,0,0,???,Garage,---,Field 14,Max,,,
&H2EDD8B,Sing,0.25,0.25,???,Garage,---,Field 15,Step,,,
&H2EDD8F,Sing,0,0,???,Garage,---,Field 16,Default?,,,
&H2EDD9F,Long,12,12,Steering Ratio,Garage,---,Field 17,Min,,,
&H2EDDA3,Long,32,32,Steering Ratio,Garage,---,Field 18,Max,,,
&H2EDDA7,Long,1,1,Steering Ratio,Garage,---,Field 19,Step,,,
&H2EDDAB,Long,18,18,Steering Ratio,Garage,---,Field 20,Default?,,,
&H2EDDBB,Sing,8,8,Tire Pressure,Garage,---,Field 21,Min,,,
&H2EDDBF,Sing,60,60,Tire Pressure,Garage,---,Field 22,Max,,,
&H2EDDC3,Sing,0.5,0.5,Tire Pressure,Garage,---,Field 23,Step,,,
&H2EDDC7,Sing,36,36,Tire Pressure,Garage,---,Field 24,Default?,,,
&H2EDDD7,Sing,0,0,???,Garage,---,Field 25,Min,,,
&H2EDDDB,Sing,4,4,???,Garage,---,Field 26,Max,,,
&H2EDDDF,Sing,0.25,0.25,???,Garage,---,Field 27,Step,,,
&H2EDDE3,Sing,0,0,???,Garage,---,Field 28,Default?,,,
&H2EDDF3,Sing,-7,-7,Camber Front,Garage,---,Field 29,Min,,,
&H2EDDF7,Sing,7,7,Camber Front,Garage,---,Field 30,Max,,,
&H2EDDFB,Sing,0.1,0.1,Camber Front,Garage,---,Field 31,Step,,,
&H2EDDFF,Sing,-2,-2,Camber Front,Garage,---,Field 32,Default?,,,
&H2EDE0F,Sing,-7,-7,Camber Front,Garage,---,Field 33,Min,,,
&H2EDE13,Sing,7,7,Camber Front,Garage,---,Field 34,Max,,,
&H2EDE17,Sing,0.1,0.1,Camber Front,Garage,---,Field 35,Step,,,
&H2EDE1B,Sing,-2,-2,Camber Front,Garage,---,Field 36,Default?,,,
&H2EDE2B,Sing,-1.8,-1.8,Camber Rear,Garage,---,Field 37,Min,,,
&H2EDE2F,Sing,1.8,1.8,Camber Rear,Garage,---,Field 38,Max,,,
&H2EDE33,Sing,1.8,1.8,Camber Rear,Garage,---,Field 39,Step,,,
&H2EDE37,Sing,0,0,Camber Rear,Garage,---,Field 40,Default?,,,
&H2EDE47,Sing,-2,-2,Caster,Garage,---,Field 41,Min,,,
&H2EDE4B,Sing,6,6,Caster,Garage,---,Field 42,Max,,,
&H2EDE4F,Sing,0.25,0.25,Caster,Garage,---,Field 43,Step,,,
&H2EDE53,Sing,2.5,2.5,Caster,Garage,---,Field 44,Default?,,,
&H2EDE63,Sing,-2,-2,Caster,Garage,---,Field 45,Min,,,
&H2EDE67,Sing,6,6,Caster,Garage,---,Field 46,Max,,,
&H2EDE6B,Sing,0.25,0.25,Caster,Garage,---,Field 47,Step,,,
&H2EDE6F,Sing,2.5,2.5,Caster,Garage,---,Field 48,Default?,,,
&H2EDE7F,Long,450,450,Front Spring,Garage,---,Field 49,Min,,,
&H2EDE83,Long,2500,2500,Front Spring,Garage,---,Field 50,Max,,,
&H2EDE87,Long,50,50,Front Spring,Garage,---,Field 51,Step,,,
&H2EDE8B,Long,1300,1300,Front Spring,Garage,---,Field 52,Default?,,,
&H2EDE9B,Long,150,150,Rear Spring,Garage,---,Field 53,Min,,,
&H2EDE9F,Long,650,650,Rear Spring,Garage,---,Field 54,Max,,,
&H2EDEA3,Long,25,25,Rear Spring,Garage,---,Field 55,Step,,,
&H2EDEA7,Long,325,325,Rear Spring,Garage,---,Field 56,Default?,,,
&H2EDEB7,Sing,1.25,1.25,???,Garage,---,Field 57,Min,,,
&H2EDEBB,Sing,1.25,1.25,???,Garage,---,Field 58,Max,,,
&H2EDEBF,Sing,0.25,0.25,???,Garage,---,Field 59,Step,,,
&H2EDEC3,Sing,1.25,1.25,???,Garage,---,Field 60,Default?,,,
&H2EDED3,Sing,-0.2,-0.2,Toe Out,Garage,---,Field 61,Min,,,
&H2EDED7,Sing,0.2,0.2,Toe Out,Garage,---,Field 62,Max,,,
&H2EDEDB,Sing,0.025,0.025,Toe Out,Garage,---,Field 63,Step,,,
&H2EDEDF,Sing,-0.125,-0.125,Toe Out,Garage,---,Field 64,Default?,,,
&H2EDEEF,Sing,0.0625,0.0625,???,Garage,---,Field 65,Min,,,
&H2EDEF3,Sing,0.0625,0.0625,???,Garage,---,Field 66,Max,,,
&H2EDEF7,Sing,0.025,0.025,???,Garage,---,Field 67,Step,,,
&H2EDEFB,Sing,0.0625,0.0625,???,Garage,---,Field 68,Default?,,,
&H2EDF0B,Sing,2.5,4.5,Ride Height LF,Garage,---,Field 69,Min,,,
&H2EDF0F,Sing,6.5,5.5,Ride Height LF,Garage,---,Field 70,Max,,,
&H2EDF13,Sing,0.25,0.25,Ride Height LF,Garage,---,Field 71,Step,,,
&H2EDF17,Sing,5,5,Ride Height LF,Garage,---,Field 72,Default?,,,
&H2EDF27,Sing,2.5,5.5,Ride Height LR,Garage,---,Field 73,Min,,,
&H2EDF2B,Sing,7.5,6.5,Ride Height LR,Garage,---,Field 74,Max,,,
&H2EDF2F,Sing,0.25,0.25,Ride Height LR,Garage,---,Field 75,Step,,,
&H2EDF33,Sing,6,6,Ride Height LR,Garage,---,Field 76,Default?,,,
&H2EDF43,Sing,2.5,6,Ride Height RR,Garage,---,Field 77,Min,,,
&H2EDF47,Sing,8.5,7,Ride Height RR,Garage,---,Field 78,Max,,,
&H2EDF4B,Sing,0.25,0.25,Ride Height RR,Garage,---,Field 79,Step,,,
&H2EDF4F,Sing,6,6,Ride Height RR,Garage,---,Field 80,Default?,,,
&H2EDF5F,Sing,8.5,8.5,Track Bar,Garage,---,Field 81,Min,,,
&H2EDF63,Sing,14,14,Track Bar,Garage,---,Field 82,Max,,,
&H2EDF67,Sing,0.25,0.25,Track Bar,Garage,---,Field 83,Step,,,
&H2EDF6B,Sing,10,10,Track Bar,Garage,---,Field 84,Default?,,,
&H2EDF7B,Long,50,50, Brake Bias,Garage,---,Field 85,Min,,,
&H2EDF7F,Long,90,90, Brake Bias,Garage,---,Field 86,Max,,,
&H2EDF83,Long,1,1, Brake Bias,Garage,---,Field 87,Step,,,
&H2EDF87,Long,74,74, Brake Bias,Garage,---,Field 88,Default?,,,
&H2EDF97,Long,1,1,Shocks Front (Lookup),Garage,---,Field 89,Min,Note: Do *NOT* set the range < 1 or > 9.,,
&H2EDF9B,Long,9,9,Shocks Front (Lookup),Garage,---,Field 90,Max,Note: Do *NOT* set the range < 1 or > 9.,,
&H2EDF9F,Long,1,1,Shocks Front (Lookup),Garage,---,Field 91,Step,Note: Do *NOT* set the range < 1 or > 9.,,
&H2EDFA3,Long,4,4,Shocks Front (Lookup),Garage,---,Field 92,Default?,Note: Do *NOT* set the range < 1 or > 9.,,
&H2EDFB3,Long,1,1,Shocks Rear (Lookup),Garage,---,Field 93,Min,Note: Do *NOT* set the range < 1 or > 9.,,
&H2EDFB7,Long,9,9,Shocks Rear (Lookup),Garage,---,Field 94,Max,Note: Do *NOT* set the range < 1 or > 9.,,
&H2EDFBB,Long,1,1,Shocks Rear (Lookup),Garage,---,Field 95,Step,Note: Do *NOT* set the range < 1 or > 9.,,
&H2EDFBF,Long,4,4,Shocks Rear (Lookup),Garage,---,Field 96,Default?,Note: Do *NOT* set the range < 1 or > 9.,,
&H2EDFCF,Long,-50,-50,Left Weight,Garage,---,Field 97,Min,,,
&H2EDFD3,Long,150,150,Left Weight,Garage,---,Field 98,Max,,,
&H2EDFD7,Long,5,5,Left Weight,Garage,---,Field 99,Step,,,
&H2EDFDB,Long,0,0,Left Weight,Garage,---,Field 100,Default?,,,
&H2EDFEB,Long,-200,-200,Front Weight,Garage,---,Field 101,Min,,,
&H2EDFEF,Long,150,150,Front Weight,Garage,---,Field 102,Max,,,
&H2EDFF3,Long,5,5,Front Weight,Garage,---,Field 103,Step,,,
&H2EDFF7,Long,0,0,Front Weight,Garage,---,Field 104,Default?,,,
&H2EE007,Long,-150,-150,Wedge,Garage,---,Field 105,Min,,,
&H2EE00B,Long,150,150,Wedge,Garage,---,Field 106,Max,,,
&H2EE00F,Long,5,5,Wedge,Garage,---,Field 107,Step,,,
&H2EE013,Long,0,0,Wedge,Garage,---,Field 108,Default?,,,
&H2EE023,Long,0,0,???,Garage,---,Field 109,Min,,,
&H2EE027,Long,9,9,???,Garage,---,Field 110,Max,,,
&H2EE02B,Long,1,1,???,Garage,---,Field 111,Step,,,
&H2EE02F,Long,4,4,???,Garage,---,Field 112,Default?,,,
&H2EE03F,Long,0,0,???,Garage,---,Field 113,Min,,,
&H2EE043,Long,0,0,???,Garage,---,Field 114,Max,,,
&H2EE047,Long,1,1,???,Garage,---,Field 115,Step,,,
&H2EE04B,Long,0,0,???,Garage,---,Field 116,Default?,,,
&H2EE05B,Long,0,0,1st Gear (Lookup),Garage,---,Field 117,Min,Note: Do *NOT* set the range > 148 or < 0.,,
&H2EE05F,Long,34,34,,Garage,---,Field 118,Max,Gears 1-6 use 0-68,,
&H2EE063,Long,1,1,,Garage,---,Field 119,Step,Differential uses 100-148,,
&H2EE067,Long,12,12,,Garage,---,Field 120,Default?,"Gears ratios 69-99 are present, but set at 1:1.",,
&H2EE077,Long,8,8,2nd Gear (Lookup),Garage,---,Field 121,Min,Entries can be added for the actual gear ratios if anyone needs them.,,
&H2EE07B,Long,59,59,,Garage,---,Field 122,Max,,,
&H2EE07F,Long,1,1,,Garage,---,Field 123,Step,,,
&H2EE083,Long,23,23,,Garage,---,Field 124,Default?,,,
&H2EE093,Long,15,15,3rd Gear (Lookup),Garage,---,Field 125,Min,,,
&H2EE097,Long,68,68,,Garage,---,Field 126,Max,,,
&H2EE09B,Long,1,1,,Garage,---,Field 127,Step,,,
&H2EE09F,Long,44,44,,Garage,---,Field 128,Default?,,,
&H2EE0AF,Long,22,22,4th Gear (Lookup),Garage,---,Field 129,Min,,,
&H2EE0B3,Long,68,68,,Garage,---,Field 130,Max,,,
&H2EE0B7,Long,1,1,,Garage,---,Field 131,Step,,,
&H2EE0BB,Long,65,65,,Garage,---,Field 132,Default?,,,
&H2EE0CB,Long,22,22,5th Gear (Lookup),Garage,---,Field 133,Min,,,
&H2EE0CF,Long,68,68,,Garage,---,Field 134,Max,,,
&H2EE0D3,Long,1,1,,Garage,---,Field 135,Step,,,
&H2EE0D7,Long,66,66,,Garage,---,Field 136,Default?,,,
&H2EE0E7,Long,22,22,6th Gear (Lookup),Garage,---,Field 137,Min,,,
&H2EE0EB,Long,68,68,,Garage,---,Field 138,Max,,,
&H2EE0EF,Long,1,1,,Garage,---,Field 139,Step,,,
&H2EE0F3,Long,67,67,,Garage,---,Field 140,Default?,,,
&H2EE103,Long,100,100,Differential  (Lookup),Garage,---,Field 141,Min,,,
&H2EE107,Long,148,148,Differential  (Lookup),Garage,---,Field 142,Max,,,
&H2EE10B,Long,1,1,Differential  (Lookup),Garage,---,Field 143,Step,,,
&H2EE10F,Long,127,127,Differential  (Lookup),Garage,---,Field 144,Default?,,,
&H2EE11F,Long,0,0,Grille Tape,Garage,---,Field 145,Min,,,
&H2EE123,Long,100,100,Grille Tape,Garage,---,Field 146,Max,,,
&H2EE127,Long,5,5,Grille Tape,Garage,---,Field 147,Step,,,
&H2EE12B,Long,0,0,Grille Tape,Garage,---,Field 148,Default?,,,
&H2EE13B,Long,45,45,Rear Spoiler,Garage,---,Field 149,Min,,,
&H2EE13F,Long,70,70,Rear Spoiler,Garage,---,Field 150,Max,,,
&H2EE143,Long,1,1,Rear Spoiler,Garage,---,Field 151,Step,,,
&H2EE147,Long,65,65,Rear Spoiler,Garage,---,Field 152,Default?,,,
&H2EE157,Long,0,0,???,Garage,---,Field 153,Min,,,
&H2EE15B,Long,1,1,???,Garage,---,Field 154,Max,,,
&H2EE15F,Long,1,1,???,Garage,---,Field 155,Step,,,
&H2EE163,Long,1,1,???,Garage,---,Field 156,Default?,,,
&H2EE173,Long,0,0,???,Garage,---,Field 157,Min,,,
&H2EE177,Long,32767,32767,???,Garage,---,Field 158,Max,,,
&H2EE17B,Long,1,1,???,Garage,---,Field 159,Step,,,
&H2EE17F,Long,0,0,???,Garage,---,Field 160,Default?,,,
&H2EE18F,Long,0,0,???,Garage,---,Field 161,Min,,,
&H2EE193,Long,1,1,???,Garage,---,Field 162,Max,,,
&H2EE197,Long,1,1,???,Garage,---,Field 163,Step,,,
&H2EE19B,Long,0,0,???,Garage,---,Field 164,Default?,,,
&H2EE1AB,Long,0,0,Front Sway Bar,Garage,---,Field 165,Min,,,
&H2EE1AF,Long,19,19,Front Sway Bar,Garage,---,Field 166,Max,,,
&H2EE1B3,Long,1,1,Front Sway Bar,Garage,---,Field 167,Step,,,
&H2EE1B7,Long,4,4,Front Sway Bar,Garage,---,Field 168,Default?,,,
&H2EE1C7,Long,0,0,Rear Sway Bar,Garage,---,Field 169,Min,,,
&H2EE1CB,Long,31,31,Rear Sway Bar,Garage,---,Field 170,Max,,,
&H2EE1CF,Long,1,1,Rear Sway Bar,Garage,---,Field 171,Step,,,
&H2EE1D3,Long,0,0,Rear Sway Bar,Garage,---,Field 172,Default?,,,
&H2EE1E3,Long,0,0,???,Garage,---,Field 173,Min,,,
&H2EE1E7,Long,1,1,???,Garage,---,Field 174,Max,,,
&H2EE1EB,Long,0,0,???,Garage,---,Field 175,Step,,,
&H2EE1EF,Long,0,0,???,Garage,---,Field 176,Default?,,,
&H2EE1FF,Long,350,350,Rear Springs SS,Garage,---,Field 177,Min,,,
&H2EE203,Long,350,350,Rear Springs SS,Garage,---,Field 178,Max,,,
&H2EE207,Long,25,25,Rear Springs SS,Garage,---,Field 179,Step,,,
&H2EE20B,Long,350,350,Rear Springs SS,Garage,---,Field 180,Default?,,,
&H2EE21B,Long,3,3,Shocks Rear SS,Garage,---,Field 181,Min,,,
&H2EE21F,Long,3,3,Shocks Rear SS,Garage,---,Field 182,Max,,,
&H2EE223,Long,1,1,Shocks Rear SS,Garage,---,Field 183,Step,,,
&H2EE227,Long,3,3,Shocks Rear SS,Garage,---,Field 184,Default?,,,
&H2EE237,Long,4,4,Shocks Rear SS,Garage,---,Field 185,Min,,,
&H2EE23B,Long,4,4,Shocks Rear SS,Garage,---,Field 186,Max,,,
&H2EE23F,Long,1,1,Shocks Rear SS,Garage,---,Field 187,Step,,,
&H2EE243,Long,4,4,Shocks Rear SS,Garage,---,Field 188,Default?,,,
&H2EE253,Long,-200,-200,Front Weight SS,Garage,---,Field 189,Min,,,
&H2EE257,Long,0,0,Front Weight SS,Garage,---,Field 190,Max,,,
&H2EE25B,Long,5,5,Front Weight SS,Garage,---,Field 191,Step,,,
&H2EE25F,Long,0,0,Front Weight SS,Garage,---,Field 192,Default?,,,
